# Blender 5.1.2
# www.blender.org
g the_spike
v -0.050089 0.000000 0.050089
v 0.050089 0.000000 0.050089
v -0.050089 -0.000000 -0.050089
v 0.050089 -0.000000 -0.050089
v 0.046149 0.007939 0.014332
v 0.049300 0.006194 0.032867
v 0.046149 0.007939 0.033394
v 0.046149 0.007939 0.030240
v -0.033393 0.000000 0.050089
v -0.016696 0.000000 0.050089
v 0.000000 0.000000 0.050089
v 0.016696 0.000000 0.050089
v 0.033393 0.000000 0.050089
v 0.033393 -0.000000 -0.050089
v 0.016696 -0.000000 -0.050089
v -0.000000 -0.000000 -0.050089
v -0.016696 -0.000000 -0.050089
v -0.033393 -0.000000 -0.050089
v -0.046149 0.007939 0.030240
v -0.046149 0.007939 0.033394
v -0.049300 0.006194 0.032867
v -0.046149 0.007939 0.017486
v -0.049300 0.006194 0.016433
v -0.046149 0.007939 0.014332
v -0.046149 0.007939 0.001577
v -0.049300 0.006194 -0.000000
v -0.046149 0.007939 -0.001577
v -0.046149 0.007939 -0.014332
v -0.050089 -0.000000 -0.033393
v -0.050089 -0.000000 -0.016696
v -0.050089 0.000000 0.000000
v -0.050089 0.000000 0.016696
v -0.050089 0.000000 0.033393
v 0.050089 0.000000 0.033393
v 0.050089 0.000000 0.016696
v 0.050089 -0.000000 -0.000000
v 0.050089 -0.000000 -0.016696
v 0.050089 -0.000000 -0.033393
v -0.049300 0.006194 -0.016433
v -0.046149 0.007939 -0.017486
v -0.046149 0.007939 -0.030240
v -0.049300 0.006194 -0.032867
v -0.046149 0.007939 -0.033394
v -0.030240 0.007939 -0.046149
v -0.033394 0.007939 -0.046149
v -0.032867 0.006194 -0.049300
v -0.016433 0.006194 -0.049300
v -0.014332 0.007939 -0.046149
v -0.017486 0.007939 -0.046149
v -0.000000 0.006194 -0.049300
v 0.001577 0.007939 -0.046149
v -0.001577 0.007939 -0.046149
v 0.016433 0.006194 -0.049300
v 0.017486 0.007939 -0.046149
v 0.014332 0.007939 -0.046149
v 0.032867 0.006194 -0.049300
v 0.033394 0.007939 -0.046149
v 0.030240 0.007939 -0.046149
v 0.030240 0.007939 0.046149
v 0.033394 0.007939 0.046149
v 0.032867 0.006194 0.049300
v 0.016433 0.006194 0.049300
v 0.014332 0.007939 0.046149
v 0.017486 0.007939 0.046149
v 0.000000 0.006194 0.049300
v -0.001577 0.007939 0.046149
v 0.001577 0.007939 0.046149
v -0.016433 0.006194 0.049300
v -0.017486 0.007939 0.046149
v -0.014332 0.007939 0.046149
v -0.032867 0.006194 0.049300
v -0.033394 0.007939 0.046149
v -0.030240 0.007939 0.046149
v -0.033393 -0.000000 -0.033393
v -0.033393 -0.000000 -0.016696
v -0.033393 0.000000 0.000000
v -0.033393 0.000000 0.016696
v -0.033393 0.000000 0.033393
v -0.016696 -0.000000 -0.033393
v -0.016696 -0.000000 -0.016696
v -0.016696 0.000000 0.000000
v -0.016696 0.000000 0.016696
v -0.016696 0.000000 0.033393
v -0.000000 -0.000000 -0.033393
v -0.000000 -0.000000 -0.016696
v -0.000000 0.000000 0.000000
v 0.000000 0.000000 0.016696
v 0.000000 0.000000 0.033393
v 0.016696 -0.000000 -0.033393
v 0.016696 -0.000000 -0.016696
v 0.016696 0.000000 0.000000
v 0.016696 0.000000 0.016696
v 0.016696 0.000000 0.033393
v 0.033393 -0.000000 -0.033393
v 0.033393 -0.000000 -0.016696
v 0.033393 0.000000 0.000000
v 0.033393 0.000000 0.016696
v 0.033393 0.000000 0.033393
v -0.046149 0.005141 0.046149
v -0.049300 0.003396 0.049300
v 0.046149 0.005141 0.046149
v 0.049300 0.003396 0.049300
v -0.046149 0.005141 -0.046149
v -0.049300 0.003396 -0.049300
v 0.046149 0.005141 -0.046149
v 0.049300 0.003396 -0.049300
v -0.033394 0.005141 0.046149
v -0.032867 0.003396 0.049300
v -0.030240 0.005141 0.046149
v -0.017486 0.005141 0.046149
v -0.016433 0.003396 0.049300
v -0.014332 0.005141 0.046149
v -0.001577 0.005141 0.046149
v 0.000000 0.003396 0.049300
v 0.001577 0.005141 0.046149
v 0.014332 0.005141 0.046149
v 0.016433 0.003396 0.049300
v 0.017486 0.005141 0.046149
v 0.033394 0.005141 0.046149
v 0.030240 0.005141 0.046149
v 0.032867 0.003396 0.049300
v 0.033394 0.005141 -0.046149
v 0.032867 0.003396 -0.049300
v 0.030240 0.005141 -0.046149
v 0.017486 0.005141 -0.046149
v 0.016433 0.003396 -0.049300
v 0.014332 0.005141 -0.046149
v 0.001577 0.005141 -0.046149
v -0.000000 0.003396 -0.049300
v -0.001577 0.005141 -0.046149
v -0.014332 0.005141 -0.046149
v -0.016433 0.003396 -0.049300
v -0.017486 0.005141 -0.046149
v -0.033394 0.005141 -0.046149
v -0.030240 0.005141 -0.046149
v -0.032867 0.003396 -0.049300
v -0.049300 0.003396 -0.032867
v -0.046149 0.005141 -0.030240
v -0.046149 0.005141 -0.033394
v -0.049300 0.003396 -0.016433
v -0.046149 0.005141 -0.014332
v -0.046149 0.005141 -0.017486
v -0.049300 0.003396 -0.000000
v -0.046149 0.005141 0.001577
v -0.046149 0.005141 -0.001577
v -0.049300 0.003396 0.016433
v -0.046149 0.005141 0.017486
v -0.046149 0.005141 0.014332
v -0.046149 0.005141 0.033394
v -0.046149 0.005141 0.030240
v -0.049300 0.003396 0.032867
v 0.046149 0.005141 0.033394
v 0.049300 0.003396 0.032867
v 0.046149 0.005141 0.030240
v 0.046149 0.005141 0.017486
v 0.049300 0.003396 0.016433
v 0.046149 0.005141 0.014332
v 0.046149 0.005141 0.001577
v 0.049300 0.003396 -0.000000
v 0.046149 0.005141 -0.001577
v 0.046149 0.005141 -0.014332
v 0.049300 0.003396 -0.016433
v 0.046149 0.005141 -0.017486
v 0.046149 0.005141 -0.033394
v 0.046149 0.005141 -0.030240
v 0.049300 0.003396 -0.032867
v -0.033394 0.005141 0.033394
v -0.030240 0.005141 0.033394
v -0.030240 0.005141 0.030240
v -0.033394 0.005141 0.030240
v -0.033394 0.005141 0.017486
v -0.030240 0.005141 0.017486
v -0.030240 0.005141 0.014332
v -0.033394 0.005141 0.014332
v -0.033394 0.005141 0.001577
v -0.030240 0.005141 0.001577
v -0.030240 0.005141 -0.001577
v -0.033394 0.005141 -0.001577
v -0.033394 0.005141 -0.014332
v -0.030240 0.005141 -0.014332
v -0.030240 0.005141 -0.017486
v -0.033394 0.005141 -0.017486
v -0.033394 0.005141 -0.033394
v -0.033394 0.005141 -0.030240
v -0.030240 0.005141 -0.030240
v -0.030240 0.005141 -0.033394
v -0.017486 0.005141 0.033394
v -0.014332 0.005141 0.033394
v -0.014332 0.005141 0.030240
v -0.017486 0.005141 0.030240
v -0.017486 0.005141 0.017486
v -0.014332 0.005141 0.017486
v -0.014332 0.005141 0.014332
v -0.017486 0.005141 0.014332
v -0.017486 0.005141 0.001577
v -0.014332 0.005141 0.001577
v -0.014332 0.005141 -0.001577
v -0.017486 0.005141 -0.001577
v -0.017486 0.005141 -0.014332
v -0.014332 0.005141 -0.014332
v -0.014332 0.005141 -0.017486
v -0.017486 0.005141 -0.017486
v -0.017486 0.005141 -0.033394
v -0.017486 0.005141 -0.030240
v -0.014332 0.005141 -0.030240
v -0.014332 0.005141 -0.033394
v -0.001577 0.005141 0.033394
v 0.001577 0.005141 0.033394
v 0.001577 0.005141 0.030240
v -0.001577 0.005141 0.030240
v -0.001577 0.005141 0.017486
v 0.001577 0.005141 0.017486
v 0.001577 0.005141 0.014332
v -0.001577 0.005141 0.014332
v -0.001577 0.005141 0.001577
v 0.001577 0.005141 0.001577
v 0.001577 0.005141 -0.001577
v -0.001577 0.005141 -0.001577
v -0.001577 0.005141 -0.014332
v 0.001577 0.005141 -0.014332
v 0.001577 0.005141 -0.017486
v -0.001577 0.005141 -0.017486
v -0.001577 0.005141 -0.033394
v -0.001577 0.005141 -0.030240
v 0.001577 0.005141 -0.030240
v 0.001577 0.005141 -0.033394
v 0.014332 0.005141 0.033394
v 0.017486 0.005141 0.033394
v 0.017486 0.005141 0.030240
v 0.014332 0.005141 0.030240
v 0.014332 0.005141 0.017486
v 0.017486 0.005141 0.017486
v 0.017486 0.005141 0.014332
v 0.014332 0.005141 0.014332
v 0.014332 0.005141 0.001577
v 0.017486 0.005141 0.001577
v 0.017486 0.005141 -0.001577
v 0.014332 0.005141 -0.001577
v 0.014332 0.005141 -0.014332
v 0.017486 0.005141 -0.014332
v 0.017486 0.005141 -0.017486
v 0.014332 0.005141 -0.017486
v 0.014332 0.005141 -0.033394
v 0.014332 0.005141 -0.030240
v 0.017486 0.005141 -0.030240
v 0.017486 0.005141 -0.033394
v 0.033394 0.005141 0.033394
v 0.033394 0.005141 0.030240
v 0.030240 0.005141 0.030240
v 0.030240 0.005141 0.033394
v 0.033394 0.005141 0.017486
v 0.033394 0.005141 0.014332
v 0.030240 0.005141 0.014332
v 0.030240 0.005141 0.017486
v 0.033394 0.005141 0.001577
v 0.033394 0.005141 -0.001577
v 0.030240 0.005141 -0.001577
v 0.030240 0.005141 0.001577
v 0.033394 0.005141 -0.014332
v 0.033394 0.005141 -0.017486
v 0.030240 0.005141 -0.017486
v 0.030240 0.005141 -0.014332
v 0.033394 0.005141 -0.033394
v 0.030240 0.005141 -0.033394
v 0.030240 0.005141 -0.030240
v 0.033394 0.005141 -0.030240
v 0.046149 0.007939 0.017486
v 0.049300 0.006194 0.016433
v 0.046149 0.007939 -0.001577
v 0.046149 0.007939 0.001577
v 0.049300 0.006194 -0.000000
v 0.046149 0.007939 -0.017486
v 0.046149 0.007939 -0.014332
v 0.049300 0.006194 -0.016433
v 0.049300 0.006194 -0.032867
v 0.046149 0.007939 -0.033394
v 0.046149 0.007939 -0.030240
v -0.033394 0.007939 0.030240
v -0.033394 0.007939 0.033394
v -0.030240 0.007939 0.033394
v -0.030240 0.007939 0.030240
v -0.033394 0.007939 0.014332
v -0.033394 0.007939 0.017486
v -0.030240 0.007939 0.017486
v -0.030240 0.007939 0.014332
v -0.033394 0.007939 -0.001577
v -0.033394 0.007939 0.001577
v -0.030240 0.007939 0.001577
v -0.030240 0.007939 -0.001577
v -0.033394 0.007939 -0.017486
v -0.033394 0.007939 -0.014332
v -0.030240 0.007939 -0.014332
v -0.030240 0.007939 -0.017486
v -0.030240 0.007939 -0.033394
v -0.033394 0.007939 -0.033394
v -0.033394 0.007939 -0.030240
v -0.030240 0.007939 -0.030240
v -0.017486 0.007939 0.030240
v -0.017486 0.007939 0.033394
v -0.014332 0.007939 0.033394
v -0.014332 0.007939 0.030240
v -0.017486 0.007939 0.014332
v -0.017486 0.007939 0.017486
v -0.014332 0.007939 0.017486
v -0.014332 0.007939 0.014332
v -0.017486 0.007939 -0.001577
v -0.017486 0.007939 0.001577
v -0.014332 0.007939 0.001577
v -0.014332 0.007939 -0.001577
v -0.017486 0.007939 -0.017486
v -0.017486 0.007939 -0.014332
v -0.014332 0.007939 -0.014332
v -0.014332 0.007939 -0.017486
v -0.014332 0.007939 -0.033394
v -0.017486 0.007939 -0.033394
v -0.017486 0.007939 -0.030240
v -0.014332 0.007939 -0.030240
v -0.001577 0.007939 0.030240
v -0.001577 0.007939 0.033394
v 0.001577 0.007939 0.033394
v 0.001577 0.007939 0.030240
v -0.001577 0.007939 0.014332
v -0.001577 0.007939 0.017486
v 0.001577 0.007939 0.017486
v 0.001577 0.007939 0.014332
v -0.001577 0.007939 -0.001577
v -0.001577 0.007939 0.001577
v 0.001577 0.007939 0.001577
v 0.001577 0.007939 -0.001577
v -0.001577 0.007939 -0.017486
v -0.001577 0.007939 -0.014332
v 0.001577 0.007939 -0.014332
v 0.001577 0.007939 -0.017486
v 0.001577 0.007939 -0.033394
v -0.001577 0.007939 -0.033394
v -0.001577 0.007939 -0.030240
v 0.001577 0.007939 -0.030240
v 0.014332 0.007939 0.030240
v 0.014332 0.007939 0.033394
v 0.017486 0.007939 0.033394
v 0.017486 0.007939 0.030240
v 0.014332 0.007939 0.014332
v 0.014332 0.007939 0.017486
v 0.017486 0.007939 0.017486
v 0.017486 0.007939 0.014332
v 0.014332 0.007939 -0.001577
v 0.014332 0.007939 0.001577
v 0.017486 0.007939 0.001577
v 0.017486 0.007939 -0.001577
v 0.014332 0.007939 -0.017486
v 0.014332 0.007939 -0.014332
v 0.017486 0.007939 -0.014332
v 0.017486 0.007939 -0.017486
v 0.017486 0.007939 -0.033394
v 0.014332 0.007939 -0.033394
v 0.014332 0.007939 -0.030240
v 0.017486 0.007939 -0.030240
v 0.030240 0.007939 0.033394
v 0.033394 0.007939 0.033394
v 0.033394 0.007939 0.030240
v 0.030240 0.007939 0.030240
v 0.030240 0.007939 0.017486
v 0.033394 0.007939 0.017486
v 0.033394 0.007939 0.014332
v 0.030240 0.007939 0.014332
v 0.030240 0.007939 0.001577
v 0.033394 0.007939 0.001577
v 0.033394 0.007939 -0.001577
v 0.030240 0.007939 -0.001577
v 0.030240 0.007939 -0.014332
v 0.033394 0.007939 -0.014332
v 0.033394 0.007939 -0.017486
v 0.030240 0.007939 -0.017486
v 0.033394 0.007939 -0.030240
v 0.033394 0.007939 -0.033394
v 0.030240 0.007939 -0.033394
v 0.030240 0.007939 -0.030240
v -0.049300 0.006194 0.049300
v -0.046149 0.007939 0.046149
v 0.049300 0.006194 0.049300
v 0.046149 0.007939 0.046149
v 0.049300 0.006194 -0.049300
v 0.046149 0.007939 -0.046149
v -0.049300 0.006194 -0.049300
v -0.046149 0.007939 -0.046149
v -0.041837 0.046354 -0.033021
v -0.036860 0.047708 -0.033482
v -0.040094 0.047608 -0.031615
v -0.040569 0.047336 -0.036965
v -0.038467 0.049690 -0.036789
v -0.042380 0.048750 -0.034647
v -0.039762 0.070048 -0.031416
v -0.041751 0.002626 -0.041894
v -0.039567 0.002855 -0.043106
v -0.037659 0.002482 -0.042274
v -0.041964 0.001955 -0.039629
v -0.037354 0.001547 -0.039250
v -0.039589 0.001314 -0.038011
v -0.029168 0.046482 -0.036183
v -0.024310 0.048187 -0.036738
v -0.027536 0.047965 -0.034869
v -0.027958 0.047281 -0.040186
v -0.026049 0.049800 -0.040176
v -0.029888 0.048707 -0.037973
v -0.028968 0.070319 -0.036252
v -0.025598 0.002381 -0.041950
v -0.023432 0.002695 -0.043175
v -0.021506 0.002532 -0.042319
v -0.025771 0.001855 -0.039643
v -0.021145 0.001840 -0.039236
v -0.023362 0.001519 -0.037984
v -0.038889 0.047007 -0.022180
v -0.038877 0.047809 -0.017064
v -0.040270 0.048354 -0.020487
v -0.035045 0.047092 -0.020353
v -0.035078 0.049245 -0.018039
v -0.036798 0.049080 -0.022258
v -0.036449 0.070292 -0.017692
v -0.038174 0.002549 -0.025898
v -0.037251 0.002347 -0.023574
v -0.038391 0.001979 -0.021832
v -0.040472 0.002350 -0.026450
v -0.041547 0.001625 -0.021992
v -0.042490 0.001831 -0.024370
v -0.022393 0.047029 -0.025322
v -0.025675 0.048041 -0.029199
v -0.022357 0.048366 -0.027513
v -0.026484 0.047403 -0.024203
v -0.027816 0.049643 -0.025990
v -0.023782 0.049210 -0.023910
v -0.025555 0.070579 -0.027246
v -0.023577 0.002563 -0.021824
v -0.025800 0.002509 -0.022985
v -0.026097 0.002150 -0.025047
v -0.021493 0.002215 -0.022902
v -0.023630 0.001616 -0.026981
v -0.021356 0.001672 -0.025793
v -0.031839 0.046354 -0.008635
v -0.034014 0.047708 -0.013136
v -0.031133 0.047608 -0.010760
v -0.035977 0.047336 -0.008442
v -0.036548 0.049690 -0.010472
v -0.033172 0.048750 -0.007557
v -0.031062 0.070048 -0.011141
v -0.040180 0.002626 -0.005608
v -0.042081 0.002855 -0.007229
v -0.041970 0.002482 -0.009307
v -0.037984 0.001955 -0.006202
v -0.039244 0.001547 -0.010652
v -0.037300 0.001314 -0.008993
v -0.017357 0.046482 -0.004216
v -0.019579 0.048187 -0.008572
v -0.016698 0.047965 -0.006205
v -0.021530 0.047281 -0.003947
v -0.022190 0.049800 -0.005738
v -0.018782 0.048707 -0.002914
v -0.017492 0.070319 -0.004379
v -0.024009 0.002381 -0.005539
v -0.025916 0.002695 -0.007139
v -0.025788 0.002532 -0.009243
v -0.021788 0.001855 -0.006186
v -0.023027 0.001840 -0.010661
v -0.021078 0.001519 -0.009023
v -0.038203 0.047007 0.007132
v -0.033415 0.047809 0.005328
v -0.036134 0.048354 0.007832
v -0.037839 0.047092 0.002891
v -0.035660 0.049245 0.002111
v -0.039009 0.049080 0.005200
v -0.034855 0.070292 0.003274
v -0.041936 0.002549 0.007764
v -0.040083 0.002347 0.006086
v -0.038052 0.001979 0.006543
v -0.041649 0.002350 0.010110
v -0.037096 0.001625 0.009555
v -0.038994 0.001831 0.011271
v -0.025044 0.047029 0.007960
v -0.027525 0.048041 0.012391
v -0.027108 0.048366 0.008693
v -0.022562 0.047403 0.011399
v -0.023770 0.049643 0.013272
v -0.023235 0.049210 0.008766
v -0.025738 0.070579 0.011595
v -0.021353 0.002563 0.007843
v -0.021661 0.002509 0.010332
v -0.023489 0.002150 0.011332
v -0.023093 0.002215 0.006268
v -0.026164 0.001616 0.009699
v -0.025848 0.001672 0.007153
v -0.047480 0.046354 0.025585
v -0.044657 0.047708 0.029710
v -0.047861 0.047608 0.027792
v -0.043418 0.047336 0.024775
v -0.042549 0.049690 0.026697
v -0.046324 0.048750 0.024320
v -0.047873 0.070048 0.028179
v -0.039686 0.002626 0.021345
v -0.037564 0.002855 0.022663
v -0.037363 0.002482 0.024735
v -0.041768 0.001955 0.022260
v -0.039857 0.001547 0.026472
v -0.042027 0.001314 0.025122
v -0.030233 0.046482 0.020958
v -0.027385 0.048187 0.024933
v -0.030587 0.047965 0.023023
v -0.026147 0.047281 0.020068
v -0.025227 0.049800 0.021740
v -0.029019 0.048707 0.019458
v -0.030075 0.070319 0.021099
v -0.023457 0.002381 0.021272
v -0.021333 0.002695 0.022568
v -0.021145 0.002532 0.024668
v -0.025557 0.001855 0.022243
v -0.023663 0.001840 0.026482
v -0.025835 0.001519 0.025155
v -0.041073 0.047007 0.041926
v -0.045537 0.047809 0.044425
v -0.043224 0.048354 0.041542
v -0.040799 0.047092 0.046174
v -0.042837 0.049245 0.047270
v -0.039988 0.049080 0.043715
v -0.043807 0.070292 0.046241
v -0.037476 0.002549 0.040742
v -0.039058 0.002347 0.042678
v -0.041134 0.001979 0.042531
v -0.038111 0.002350 0.038465
v -0.042530 0.001625 0.039695
v -0.040911 0.001831 0.037715
v -0.021981 0.047029 0.040652
v -0.020190 0.048041 0.035899
v -0.020049 0.048366 0.039618
v -0.024949 0.047403 0.037622
v -0.024035 0.049643 0.035589
v -0.023890 0.049210 0.040125
v -0.021838 0.070579 0.036953
v -0.025612 0.002563 0.041319
v -0.025680 0.002509 0.038812
v -0.024023 0.002150 0.037549
v -0.023657 0.002215 0.042616
v -0.021133 0.001616 0.038765
v -0.021065 0.001672 0.041329
v 0.000027 0.046354 -0.042727
v -0.002853 0.047708 -0.046812
v 0.000377 0.047608 -0.044939
v -0.004025 0.047336 -0.041861
v -0.004919 0.049690 -0.043771
v -0.001112 0.048750 -0.041446
v 0.000384 0.070048 -0.045326
v -0.007710 0.002626 -0.038380
v -0.009849 0.002855 -0.039670
v -0.010078 0.002482 -0.041738
v -0.005640 0.001955 -0.039324
v -0.007608 0.001547 -0.043510
v -0.005420 0.001314 -0.042189
v 0.015252 0.046482 -0.038086
v 0.012350 0.048187 -0.042021
v 0.015579 0.047965 -0.040155
v 0.011179 0.047281 -0.037140
v 0.010236 0.049800 -0.038800
v 0.014059 0.048707 -0.036569
v 0.015092 0.070319 -0.038224
v 0.008473 0.002381 -0.038307
v 0.006332 0.002695 -0.039574
v 0.006114 0.002532 -0.041671
v 0.010559 0.001855 -0.039307
v 0.008607 0.001840 -0.043520
v 0.010798 0.001519 -0.042222
v -0.006378 0.047007 -0.025912
v -0.001948 0.047809 -0.028472
v -0.004221 0.048354 -0.025558
v -0.006709 0.047092 -0.030156
v -0.004686 0.049245 -0.031280
v -0.007487 0.049080 -0.027687
v -0.003703 0.070292 -0.030264
v -0.009958 0.002549 -0.024680
v -0.008403 0.002347 -0.026637
v -0.006324 0.001979 -0.026518
v -0.009292 0.002350 -0.022412
v -0.004890 0.001625 -0.023701
v -0.006482 0.001831 -0.021699
v 0.006958 0.047029 -0.024599
v 0.005232 0.048041 -0.019822
v 0.005040 0.048366 -0.023539
v 0.009967 0.047403 -0.021610
v 0.009081 0.049643 -0.019565
v 0.008874 0.049210 -0.024099
v 0.006865 0.070579 -0.020899
v 0.010580 0.002563 -0.025315
v 0.010682 0.002509 -0.022810
v 0.009042 0.002150 -0.021525
v 0.008607 0.002215 -0.026585
v 0.006136 0.001616 -0.022700
v 0.006033 0.001672 -0.025264
v -0.012259 0.046354 -0.014387
v -0.015077 0.047708 -0.010259
v -0.014454 0.047608 -0.013941
v -0.010030 0.047336 -0.010896
v -0.011505 0.049690 -0.009389
v -0.010660 0.048750 -0.013769
v -0.014819 0.070048 -0.013812
v -0.005478 0.002626 -0.008663
v -0.005937 0.002855 -0.006208
v -0.007794 0.002482 -0.005269
v -0.007087 0.001955 -0.010272
v -0.010319 0.001547 -0.006962
v -0.009848 0.001314 -0.009474
v 0.008636 0.046482 -0.015096
v 0.005966 0.048187 -0.010999
v 0.006583 0.047965 -0.014676
v 0.010949 0.047281 -0.011611
v 0.009724 0.049800 -0.010147
v 0.010475 0.048707 -0.014509
v 0.008562 0.070319 -0.014897
v 0.010803 0.002381 -0.008668
v 0.010366 0.002695 -0.006219
v 0.008478 0.002532 -0.005281
v 0.009136 0.001855 -0.010272
v 0.005873 0.001840 -0.006968
v 0.006322 0.001519 -0.009474
v -0.009753 0.047007 0.008047
v -0.013702 0.047809 0.004794
v -0.010177 0.048354 0.005903
v -0.013612 0.047092 0.009844
v -0.015373 0.049245 0.008343
v -0.011026 0.049080 0.009708
v -0.014766 0.070292 0.007066
v -0.007345 0.002549 0.010968
v -0.009723 0.002347 0.010198
v -0.010339 0.001979 0.008209
v -0.005454 0.002350 0.009550
v -0.008203 0.001625 0.005879
v -0.005770 0.001831 0.006669
v 0.008687 0.047029 0.010275
v 0.013766 0.048041 0.010218
v 0.010352 0.048366 0.011699
v 0.010433 0.047403 0.006409
v 0.012659 0.049643 0.006523
v 0.008485 0.049210 0.008305
v 0.012185 0.070579 0.009065
v 0.006747 0.002563 0.007133
v 0.009058 0.002509 0.006160
v 0.010836 0.002150 0.007246
v 0.006249 0.002215 0.009426
v 0.010753 0.001616 0.010380
v 0.008388 0.001672 0.011374
v -0.002155 0.046354 0.029401
v 0.000014 0.047708 0.024898
v -0.000052 0.047608 0.028632
v -0.004881 0.047336 0.026282
v -0.003648 0.049690 0.024572
v -0.003828 0.048750 0.029029
v 0.000290 0.070048 0.028449
v -0.009715 0.002626 0.024756
v -0.009629 0.002855 0.022260
v -0.007933 0.002482 0.021053
v -0.007884 0.001955 0.026105
v -0.005184 0.001547 0.022350
v -0.005273 0.001314 0.024904
v 0.009519 0.046482 0.030803
v 0.011546 0.048187 0.026353
v 0.011486 0.047965 0.030081
v 0.006711 0.047281 0.027704
v 0.007703 0.049800 0.026073
v 0.007613 0.048707 0.030498
v 0.009562 0.070319 0.030596
v 0.006415 0.002381 0.024772
v 0.006480 0.002695 0.022285
v 0.008207 0.002532 0.021075
v 0.008303 0.001855 0.026108
v 0.011035 0.001840 0.022354
v 0.010966 0.001519 0.024899
v -0.005515 0.047007 0.040476
v -0.001124 0.047809 0.043102
v -0.004775 0.048354 0.042532
v -0.001968 0.047092 0.038122
v -0.000002 0.049245 0.039343
v -0.004504 0.049080 0.038643
v -0.000411 0.070292 0.040696
v -0.008333 0.002549 0.037947
v -0.005866 0.002347 0.038354
v -0.004960 0.001979 0.040228
v -0.009991 0.002350 0.039632
v -0.006723 0.001625 0.042851
v -0.009247 0.001831 0.042434
v 0.008147 0.047029 0.038607
v 0.003134 0.048041 0.039423
v 0.006288 0.048366 0.037448
v 0.006999 0.047403 0.042690
v 0.004781 0.049643 0.042911
v 0.008642 0.049210 0.040525
v 0.004869 0.070579 0.040326
v 0.010535 0.002563 0.041424
v 0.008395 0.002509 0.042732
v 0.006475 0.002150 0.041924
v 0.010685 0.002215 0.039082
v 0.006088 0.001616 0.038813
v 0.008278 0.001672 0.037476
v 0.023184 0.046354 -0.048529
v 0.018887 0.047708 -0.045975
v 0.021006 0.047608 -0.049050
v 0.023732 0.047336 -0.044422
v 0.021758 0.049690 -0.043679
v 0.024373 0.048750 -0.047294
v 0.020621 0.070048 -0.049087
v 0.026916 0.002626 -0.040478
v 0.025464 0.002855 -0.038445
v 0.023384 0.002482 -0.038378
v 0.026136 0.001955 -0.042615
v 0.021810 0.001547 -0.040978
v 0.023296 0.001314 -0.043057
v 0.043940 0.046482 -0.047191
v 0.039791 0.048187 -0.044604
v 0.041902 0.047965 -0.047678
v 0.044566 0.047281 -0.043057
v 0.042838 0.049800 -0.042246
v 0.045359 0.048707 -0.045883
v 0.043790 0.070319 -0.047043
v 0.043192 0.002381 -0.040450
v 0.041762 0.002695 -0.038413
v 0.039655 0.002532 -0.038360
v 0.042357 0.001855 -0.042607
v 0.038005 0.001840 -0.040989
v 0.039470 0.001519 -0.043072
v 0.022966 0.047007 -0.025588
v 0.020759 0.047809 -0.030204
v 0.023487 0.048354 -0.027710
v 0.018709 0.047092 -0.025588
v 0.017746 0.049245 -0.027692
v 0.021111 0.049080 -0.024620
v 0.018835 0.070292 -0.028593
v 0.023916 0.002549 -0.021923
v 0.022085 0.002347 -0.023626
v 0.022366 0.001979 -0.025688
v 0.026229 0.002350 -0.022411
v 0.025286 0.001625 -0.026899
v 0.027158 0.001831 -0.025156
v 0.040257 0.047029 -0.022625
v 0.044885 0.048041 -0.020533
v 0.041165 0.048366 -0.020631
v 0.043471 0.047403 -0.025393
v 0.045441 0.049643 -0.024350
v 0.040905 0.049210 -0.024497
v 0.043939 0.070579 -0.022245
v 0.039824 0.002563 -0.026292
v 0.042330 0.002509 -0.026199
v 0.043484 0.002150 -0.024464
v 0.038405 0.002215 -0.024424
v 0.042086 0.001616 -0.021658
v 0.039522 0.001672 -0.021755
v 0.017771 0.046354 -0.003818
v 0.021668 0.047708 -0.000687
v 0.018046 0.047608 -0.001595
v 0.021426 0.047336 -0.005769
v 0.022813 0.049690 -0.004181
v 0.018512 0.048750 -0.005364
v 0.018146 0.070048 -0.001221
v 0.024005 0.002626 -0.010133
v 0.026418 0.002855 -0.009485
v 0.027209 0.002482 -0.007560
v 0.022277 0.001955 -0.008654
v 0.025325 0.001547 -0.005175
v 0.022857 0.001314 -0.005839
v 0.033635 0.046482 -0.008548
v 0.037512 0.048187 -0.005568
v 0.033893 0.047965 -0.006470
v 0.037288 0.047281 -0.010583
v 0.038653 0.049800 -0.009249
v 0.034363 0.048707 -0.010336
v 0.033827 0.070319 -0.008460
v 0.040211 0.002381 -0.010209
v 0.042620 0.002695 -0.009583
v 0.043408 0.002532 -0.007628
v 0.038483 0.001855 -0.008672
v 0.041523 0.001840 -0.005162
v 0.039059 0.001519 -0.005804
v 0.023849 0.047007 0.010677
v 0.020299 0.047809 0.014361
v 0.021679 0.048354 0.010932
v 0.025340 0.047092 0.014663
v 0.023706 0.049245 0.016303
v 0.025405 0.049080 0.012075
v 0.022481 0.070292 0.015598
v 0.026949 0.002549 0.008503
v 0.025995 0.002347 0.010814
v 0.023965 0.001979 0.011273
v 0.025682 0.002350 0.006507
v 0.021808 0.001625 0.008963
v 0.022785 0.001831 0.006599
v 0.042449 0.047029 0.008621
v 0.042787 0.048041 0.003554
v 0.043998 0.048366 0.007073
v 0.038731 0.047403 0.006580
v 0.039017 0.049643 0.004370
v 0.040469 0.049210 0.008670
v 0.041515 0.070579 0.005040
v 0.039165 0.002563 0.010311
v 0.038375 0.002509 0.007931
v 0.039596 0.002150 0.006243
v 0.041412 0.002215 0.010986
v 0.042714 0.001616 0.006570
v 0.043521 0.001672 0.009005
v 0.030754 0.046354 0.018615
v 0.026433 0.047708 0.016103
v 0.030150 0.047608 0.016459
v 0.027432 0.047336 0.021091
v 0.025823 0.049690 0.019728
v 0.030253 0.048750 0.020255
v 0.029995 0.070048 0.016104
v 0.025534 0.002626 0.025792
v 0.023052 0.002855 0.025512
v 0.021982 0.002482 0.023727
v 0.027022 0.001955 0.024071
v 0.023488 0.001547 0.021087
v 0.026027 0.001314 0.021375
v 0.048004 0.046482 0.023242
v 0.043725 0.048187 0.020875
v 0.047437 0.047965 0.021225
v 0.044696 0.047281 0.025800
v 0.043146 0.049800 0.024685
v 0.047551 0.048707 0.025118
v 0.047801 0.070319 0.023183
v 0.041750 0.002381 0.025868
v 0.039275 0.002695 0.025609
v 0.038203 0.002532 0.023793
v 0.043229 0.001855 0.024089
v 0.039698 0.001840 0.021073
v 0.042230 0.001519 0.021340
v 0.025050 0.047007 0.038075
v 0.028009 0.047809 0.033901
v 0.027157 0.048354 0.037497
v 0.022979 0.047092 0.034356
v 0.024349 0.049245 0.032490
v 0.023301 0.049080 0.036924
v 0.025666 0.070292 0.033004
v 0.022310 0.002549 0.040688
v 0.022907 0.002347 0.038260
v 0.024846 0.001979 0.037502
v 0.023861 0.002350 0.042471
v 0.027323 0.001625 0.039464
v 0.026711 0.001831 0.041947
v 0.039194 0.047029 0.040465
v 0.039617 0.048041 0.045526
v 0.037893 0.048366 0.042228
v 0.043175 0.047403 0.041927
v 0.043223 0.049643 0.044155
v 0.041144 0.049210 0.040121
v 0.040653 0.070579 0.043866
v 0.042188 0.002563 0.038303
v 0.043325 0.002509 0.040538
v 0.042370 0.002150 0.042390
v 0.039865 0.002215 0.037971
v 0.039238 0.001616 0.042533
v 0.038076 0.001672 0.040246
vn -0.0000 -1.0000 -0.0000
vn -0.0000 -0.6220 -0.7830
vn 0.6280 -0.4595 -0.6280
vn 0.7830 -0.6220 -0.0000
vn 0.5774 0.5774 -0.5774
vn -0.5774 0.5774 -0.5774
vn -0.5774 0.5774 0.5774
vn 0.5774 0.5774 0.5774
vn -0.6280 -0.4595 -0.6280
vn -0.7830 -0.6220 -0.0000
vn -0.9935 0.1138 -0.0000
vn -0.6968 0.1703 -0.6968
vn 0.6280 -0.4595 0.6280
vn 0.9935 0.1138 -0.0000
vn 0.6968 0.1703 0.6968
vn -0.0000 0.1138 -0.9935
vn 0.6968 0.1703 -0.6968
vn -0.6280 -0.4595 0.6280
vn -0.0000 -0.6220 0.7830
vn -0.0000 0.1138 0.9935
vn -0.6968 0.1703 0.6968
vn -0.3417 0.9397 -0.0108
vn -0.0000 0.5078 0.8615
vn 0.3417 0.9397 -0.0108
vn -0.3015 0.9045 -0.3015
vn -0.3015 0.9045 0.3015
vn 0.3015 0.9045 -0.3015
vn -0.3417 0.9397 0.0108
vn 0.3015 0.9045 0.3015
vn 0.3417 0.9397 0.0108
vn -0.0000 0.5078 -0.8615
vn -0.1138 0.9870 0.1138
vn 0.6244 0.4694 -0.6244
vn -0.0108 0.9397 0.3417
vn -0.0108 0.9397 -0.3417
vn 0.1138 0.9870 -0.1138
vn -0.6244 0.4694 0.6244
vn 0.1138 0.9870 0.1138
vn -0.6244 0.4694 -0.6244
vn 0.8615 0.5078 -0.0000
vn 0.0108 0.9397 0.3417
vn 0.0108 0.9397 -0.3417
vn -0.1138 0.9870 -0.1138
vn 0.6244 0.4694 0.6244
vn -0.8615 0.5078 -0.0000
vn 0.9040 -0.0556 0.4239
vn 0.7183 0.0903 -0.6898
vn 0.5301 0.2049 -0.8228
vn 0.9334 0.0079 0.3587
vn -0.2349 0.1266 -0.9637
vn -0.3123 0.1549 -0.9373
vn -0.8493 -0.0794 0.5219
vn -0.0188 -0.1370 0.9904
vn -0.0720 -0.0603 0.9956
vn -0.8555 -0.0447 0.5159
vn -0.9289 0.0446 -0.3677
vn -0.9669 0.1165 -0.2270
vn 0.5169 0.1877 -0.8352
vn -0.0821 0.9945 0.0648
vn 0.9279 0.1066 0.3572
vn -0.0036 0.9908 0.1350
vn 0.9032 0.0457 0.4267
vn 0.7128 0.0979 -0.6945
vn -0.2388 0.0397 -0.9703
vn -0.3182 0.0635 -0.9459
vn -0.8433 -0.1092 0.5262
vn -0.0135 -0.0681 0.9976
vn -0.0725 0.0044 0.9974
vn -0.8522 -0.0756 0.5178
vn -0.9275 -0.0546 -0.3699
vn -0.9718 0.0238 -0.2347
vn 0.7658 -0.0052 0.6431
vn 0.0483 0.9947 0.0905
vn -0.4758 -0.0037 0.8796
vn -0.5468 -0.0505 0.8358
vn 0.5897 -0.1077 0.8004
vn 0.9937 -0.0427 -0.1038
vn 0.9836 -0.0032 -0.1801
vn -0.4062 0.0971 -0.9086
vn -0.9868 0.0597 -0.1509
vn -0.9706 0.1403 -0.1954
vn -0.3933 0.1304 -0.9101
vn 0.4935 0.0529 -0.8682
vn 0.3747 0.1536 -0.9143
vn -0.9979 0.0638 0.0114
vn -0.0269 0.9988 -0.0419
vn -0.2125 0.0063 -0.9771
vn -0.1335 -0.0462 -0.9900
vn -0.9741 -0.0418 -0.2222
vn -0.6871 0.0081 0.7266
vn -0.6271 0.0437 0.7777
vn 0.9050 0.0369 0.4239
vn 0.8486 -0.0013 -0.5290
vn 0.8710 0.0782 -0.4851
vn 0.8985 0.0708 0.4333
vn 0.1951 0.0442 0.9798
vn 0.3219 0.1363 0.9369
vn -0.9564 0.2049 -0.2083
vn 0.1277 0.9908 -0.0440
vn 0.0090 0.0079 -0.9999
vn 0.0804 -0.0556 -0.9952
vn -0.8977 0.0903 -0.4312
vn -0.8204 0.1266 0.5576
vn -0.7685 0.1549 0.6208
vn 0.7863 -0.0794 0.6127
vn 0.9342 -0.1370 -0.3293
vn 0.9577 -0.0603 -0.2813
vn 0.7829 -0.0447 0.6205
vn -0.0190 0.0446 0.9988
vn 0.1260 0.1165 0.9852
vn -0.9634 0.1877 -0.1916
vn 0.0895 0.9945 0.0542
vn 0.0096 0.1066 -0.9943
vn 0.0833 0.0457 -0.9955
vn -0.9002 0.0979 -0.4244
vn -0.8252 0.0397 0.5635
vn -0.7745 0.0635 0.6294
vn 0.7882 -0.1092 0.6056
vn 0.9391 -0.0681 -0.3368
vn 0.9596 0.0044 -0.2814
vn 0.7835 -0.0756 0.6168
vn -0.0216 -0.0546 0.9983
vn 0.1206 0.0238 0.9924
vn 0.3341 -0.0052 -0.9425
vn 0.0678 0.9947 -0.0770
vn 0.9905 -0.0037 0.1376
vn 0.9743 -0.0505 0.2194
vn 0.5431 -0.1077 -0.8327
vn -0.4453 -0.0427 -0.8944
vn -0.5132 -0.0032 -0.8582
vn -0.7087 0.0971 0.6987
vn 0.2043 0.0597 0.9771
vn 0.1570 0.1403 0.9776
vn -0.7147 0.1304 0.6872
vn -0.9860 0.0529 -0.1581
vn -0.9877 0.1536 -0.0307
vn 0.3602 0.0638 0.9307
vn -0.0298 0.9988 0.0399
vn -0.8408 0.0063 0.5413
vn -0.8805 -0.0462 0.4718
vn 0.1331 -0.0418 0.9902
vn 0.9212 0.0081 0.3890
vn 0.9481 0.0437 0.3150
vn 0.0800 0.0369 -0.9961
vn -0.7927 -0.0013 -0.6096
vn -0.7594 0.0782 -0.6459
vn 0.0911 0.0708 -0.9933
vn 0.8494 0.0442 -0.5259
vn 0.7648 0.1363 -0.6297
vn 0.9768 0.2049 0.0629
vn -0.1197 0.9908 0.0626
vn 0.1406 0.0079 0.9900
vn 0.0694 -0.0556 0.9960
vn 0.9521 0.0903 0.2921
vn 0.7278 0.1266 -0.6740
vn 0.6671 0.1549 -0.7287
vn -0.8691 -0.0794 -0.4882
vn -0.8745 -0.1370 0.4653
vn -0.9049 -0.0603 0.4214
vn -0.8669 -0.0447 -0.4965
vn -0.1305 0.0446 -0.9904
vn -0.2720 0.1165 -0.9552
vn 0.9812 0.1877 0.0454
vn -0.0965 0.9945 -0.0402
vn 0.1392 0.1066 0.9845
vn 0.0665 0.0457 0.9967
vn 0.9535 0.0979 0.2850
vn 0.7316 0.0397 -0.6806
vn 0.6717 0.0635 -0.7381
vn -0.8699 -0.1092 -0.4809
vn -0.8782 -0.0681 0.4735
vn -0.9067 0.0044 0.4217
vn -0.8669 -0.0756 -0.4927
vn -0.1279 -0.0546 -0.9903
vn -0.2676 0.0238 -0.9632
vn -0.1894 -0.0052 0.9819
vn -0.0555 0.9947 0.0863
vn -0.9999 -0.0037 0.0121
vn -0.9962 -0.0505 -0.0712
vn -0.4125 -0.1077 0.9046
vn 0.5740 -0.0427 0.8177
vn 0.6358 -0.0032 0.7718
vn 0.5963 0.0971 -0.7969
vn -0.3481 0.0597 -0.9355
vn -0.3014 0.1403 -0.9431
vn 0.6039 0.1304 -0.7863
vn 0.9986 0.0529 0.0089
vn 0.9811 0.1536 -0.1174
vn -0.4954 0.0638 -0.8664
vn 0.0235 0.9988 -0.0439
vn 0.7504 0.0063 -0.6609
vn 0.8000 -0.0462 -0.5982
vn -0.2797 -0.0418 -0.9592
vn -0.9690 0.0081 -0.2469
vn -0.9845 0.0437 -0.1697
vn 0.0698 0.0369 0.9969
vn 0.8750 -0.0013 0.4842
vn 0.8475 0.0782 0.5251
vn 0.0585 0.0708 0.9958
vn -0.7612 0.0442 0.6470
vn -0.6620 0.1363 0.7370
vn -0.9775 0.2049 -0.0496
vn 0.1188 0.9908 -0.0642
vn -0.1541 0.0079 -0.9880
vn -0.0829 -0.0556 -0.9950
vn -0.9560 0.0903 -0.2791
vn -0.7185 0.1266 0.6839
vn -0.6571 0.1549 0.7378
vn 0.8757 -0.0794 0.4763
vn 0.8681 -0.1370 -0.4772
vn 0.8990 -0.0603 -0.4337
vn 0.8736 -0.0447 0.4846
vn 0.1440 0.0446 0.9886
vn 0.2850 0.1165 0.9514
vn -0.9817 0.1877 -0.0320
vn 0.0971 0.9945 0.0389
vn -0.1527 0.1066 -0.9825
vn -0.0801 0.0457 -0.9957
vn -0.9573 0.0979 -0.2720
vn -0.7223 0.0397 0.6905
vn -0.6615 0.0635 0.7472
vn 0.8764 -0.1092 0.4690
vn 0.8716 -0.0681 -0.4854
vn 0.9009 0.0044 -0.4341
vn 0.8736 -0.0756 0.4808
vn 0.1414 -0.0546 0.9884
vn 0.2808 0.0238 0.9595
vn 0.1760 -0.0052 -0.9844
vn 0.0543 0.9947 -0.0870
vn 0.9997 -0.0037 -0.0257
vn 0.9971 -0.0505 0.0576
vn 0.4001 -0.1077 -0.9101
vn -0.5851 -0.0427 -0.8098
vn -0.6463 -0.0032 -0.7631
vn -0.5853 0.0971 0.8049
vn 0.3609 0.0597 0.9307
vn 0.3142 0.1403 0.9389
vn -0.5931 0.1304 0.7945
vn -0.9986 0.0529 0.0047
vn -0.9794 0.1536 0.1307
vn 0.5071 0.0638 0.8595
vn -0.0229 0.9988 0.0442
vn -0.7413 0.0063 0.6711
vn -0.7918 -0.0462 0.6090
vn 0.2927 -0.0418 0.9553
vn 0.9723 0.0081 0.2337
vn 0.9868 0.0437 0.1562
vn -0.0834 0.0369 -0.9958
vn -0.8815 -0.0013 -0.4722
vn -0.8546 0.0782 -0.5134
vn -0.0720 0.0708 -0.9949
vn 0.7523 0.0442 -0.6573
vn 0.6519 0.1363 -0.7459
vn 0.2960 0.2049 0.9330
vn -0.1018 0.9908 -0.0888
vn -0.8714 0.0079 0.4904
vn -0.9029 -0.0556 0.4262
vn 0.0734 0.0903 0.9932
vn 0.8922 0.1266 0.4335
vn 0.9212 0.1549 0.3570
vn 0.1394 -0.0794 -0.9870
vn -0.7510 -0.1370 -0.6459
vn -0.7211 -0.0603 -0.6902
vn 0.1479 -0.0447 -0.9880
vn 0.8755 0.0446 -0.4812
vn 0.7913 0.1165 -0.6002
vn 0.3139 0.1877 0.9307
vn 0.0024 0.9945 -0.1046
vn -0.8668 0.1066 0.4871
vn -0.9046 0.0457 0.4238
vn 0.0805 0.0979 0.9919
vn 0.8997 0.0397 0.4347
vn 0.9316 0.0635 0.3579
vn 0.1323 -0.1092 -0.9852
vn -0.7599 -0.0681 -0.6464
vn -0.7221 0.0044 -0.6918
vn 0.1444 -0.0756 -0.9866
vn 0.8763 -0.0546 -0.4787
vn 0.8004 0.0238 -0.5991
vn -0.9837 -0.0052 0.1800
vn -0.1005 0.9947 -0.0205
vn -0.3743 -0.0037 -0.9273
vn -0.2953 -0.0505 -0.9541
vn -0.9926 -0.1077 -0.0560
vn -0.5536 -0.0427 0.8317
vn -0.4884 -0.0032 0.8726
vn 0.9590 0.0971 0.2663
vn 0.7453 0.0597 -0.6640
vn 0.7694 0.1403 -0.6232
vn 0.9519 0.1304 0.2772
vn 0.3542 0.0529 0.9337
vn 0.4655 0.1536 0.8716
vn 0.6274 0.0638 -0.7761
vn 0.0494 0.9988 0.0060
vn 0.8883 0.0063 0.4593
vn 0.8478 -0.0462 0.5283
vn 0.7922 -0.0418 -0.6088
vn -0.1217 0.0081 -0.9925
vn -0.1993 0.0437 -0.9790
vn -0.9035 0.0369 0.4269
vn -0.1335 -0.0013 0.9910
vn -0.1816 0.0782 0.9803
vn -0.9066 0.0708 0.4159
vn -0.8792 0.0442 -0.4744
vn -0.9270 0.1363 -0.3493
vn -0.4496 0.1877 -0.8733
vn 0.0132 0.9945 0.1038
vn 0.7842 0.1066 -0.6113
vn 0.8290 -0.0556 -0.5564
vn -0.2211 0.0903 -0.9710
vn -0.4322 0.2049 -0.8782
vn 0.7883 0.0079 -0.6152
vn -0.9470 0.1266 -0.2952
vn -0.9642 0.1549 -0.2153
vn 0.0097 -0.0794 0.9968
vn 0.8392 -0.1370 0.5263
vn 0.8162 -0.0603 0.5746
vn 0.0015 -0.0447 0.9990
vn -0.7937 0.0446 0.6067
vn -0.6927 0.1165 0.7118
vn 0.1139 0.9908 0.0726
vn 0.8311 0.0457 -0.5543
vn -0.2280 0.0979 -0.9687
vn -0.9546 0.0397 -0.2952
vn -0.9746 0.0635 -0.2145
vn 0.0165 -0.1092 0.9939
vn 0.8481 -0.0681 0.5255
vn 0.8174 0.0044 0.5760
vn 0.0048 -0.0756 0.9971
vn -0.7949 -0.0546 0.6043
vn -0.7018 0.0238 0.7120
vn 0.9457 -0.0052 -0.3250
vn 0.1024 0.9947 0.0052
vn 0.5087 -0.0037 0.8609
vn 0.4346 -0.0505 0.8992
vn 0.9898 -0.1077 -0.0931
vn 0.4230 -0.0427 -0.9051
vn 0.3524 -0.0032 -0.9358
vn -0.9880 0.0971 -0.1199
vn -0.6377 0.0597 0.7680
vn -0.6675 0.1403 0.7312
vn -0.9827 0.1304 -0.1318
vn -0.4898 0.0529 -0.8702
vn -0.5906 0.1536 -0.7922
vn -0.5043 0.0638 0.8612
vn -0.0498 0.9988 0.0015
vn -0.9470 0.0063 -0.3213
vn -0.9173 -0.0462 -0.3956
vn -0.6923 -0.0418 0.7204
vn 0.2688 0.0081 0.9632
vn 0.3435 0.0437 0.9381
vn 0.8295 0.0369 -0.5573
vn -0.0162 -0.0013 -0.9999
vn 0.0330 0.0782 -0.9964
vn 0.8342 0.0708 -0.5469
vn 0.9403 0.0442 0.3376
vn 0.9688 0.1363 0.2068
vn -0.1255 0.2049 0.9707
vn -0.0548 0.9908 -0.1235
vn -0.9970 0.0079 0.0768
vn -0.9984 -0.0556 0.0053
vn -0.3526 0.0903 0.9314
vn 0.6259 0.1266 0.7695
vn 0.6844 0.1549 0.7125
vn 0.5430 -0.0794 -0.8360
vn -0.4082 -0.1370 -0.9025
vn -0.3624 -0.0603 -0.9301
vn 0.5511 -0.0447 -0.8332
vn 0.9968 0.0446 -0.0667
vn 0.9707 0.1165 -0.2101
vn -0.1082 0.1877 0.9763
vn 0.0463 0.9945 -0.0938
vn -0.9914 0.1066 0.0758
vn -0.9990 0.0457 0.0024
vn -0.3457 0.0979 0.9332
vn 0.6322 0.0397 0.7738
vn 0.6935 0.0635 0.7176
vn 0.5358 -0.1092 -0.8373
vn -0.4161 -0.0681 -0.9068
vn -0.3627 0.0044 -0.9319
vn 0.5473 -0.0756 -0.8335
vn 0.9965 -0.0546 -0.0641
vn 0.9784 0.0238 -0.2053
vn -0.9677 -0.0052 -0.2520
vn -0.0825 0.9947 -0.0610
vn 0.0521 -0.0037 -0.9986
vn 0.1350 -0.0505 -0.9896
vn -0.8762 -0.1077 -0.4697
vn -0.8529 -0.0427 0.5204
vn -0.8110 -0.0032 0.5850
vn 0.7570 0.0971 0.6462
vn 0.9560 0.0597 -0.2874
vn 0.9605 0.1403 -0.2402
vn 0.7460 0.1304 0.6531
vn -0.0730 0.0529 0.9959
vn 0.0542 0.1536 0.9866
vn 0.8964 0.0638 -0.4387
vn 0.0423 0.9988 0.0262
vn 0.6114 0.0063 0.7913
vn 0.5456 -0.0462 0.8368
vn 0.9752 -0.0418 -0.2175
vn 0.3086 0.0081 -0.9512
vn 0.2325 0.0437 -0.9716
vn -0.9993 0.0369 0.0057
vn -0.5393 -0.0013 0.8421
vn -0.5784 0.0782 0.8120
vn -0.9975 0.0708 -0.0056
vn -0.5968 0.0442 -0.8012
vn -0.6930 0.1363 -0.7080
vn 0.9532 0.2049 -0.2225
vn -0.0965 0.9908 0.0945
vn 0.4212 0.0079 0.9069
vn 0.3547 -0.0556 0.9333
vn 0.9959 0.0903 0.0040
vn 0.5016 0.1266 -0.8558
vn 0.4276 0.1549 -0.8906
vn -0.9732 -0.0794 -0.2158
vn -0.7024 -0.1370 0.6985
vn -0.7442 -0.0603 0.6652
vn -0.9735 -0.0447 -0.2243
vn -0.4116 0.0446 -0.9103
vn -0.5368 0.1165 -0.8356
vn 0.9523 0.1877 -0.2406
vn -0.1041 0.9945 -0.0106
vn 0.4182 0.1066 0.9021
vn 0.3521 0.0457 0.9348
vn 0.9952 0.0979 -0.0031
vn 0.5033 0.0397 -0.8632
vn 0.4293 0.0635 -0.9009
vn -0.9719 -0.1092 -0.2085
vn -0.7036 -0.0681 0.7074
vn -0.7458 0.0044 0.6661
vn -0.9724 -0.0756 -0.2207
vn -0.4090 -0.0546 -0.9109
vn -0.5350 0.0238 -0.8445
vn 0.1029 -0.0052 0.9947
vn -0.0282 0.9947 0.0986
vn -0.9536 -0.0037 0.3010
vn -0.9742 -0.0505 0.2202
vn -0.1330 -0.1077 0.9852
vn 0.7861 -0.0427 0.6166
vn 0.8320 -0.0032 0.5548
vn 0.3401 0.0971 -0.9354
vn -0.6040 0.0597 -0.7947
vn -0.5615 0.1403 -0.8155
vn 0.3504 0.1304 -0.9275
vn 0.9584 0.0529 -0.2805
vn 0.9052 0.1536 -0.3963
vn -0.7249 0.0638 -0.6859
vn 0.0098 0.9988 -0.0488
vn 0.5270 0.0063 -0.8498
vn 0.5926 -0.0462 -0.8041
vn -0.5453 -0.0418 -0.8372
vn -0.9990 0.0081 0.0441
vn -0.9915 0.0437 0.1226
vn 0.3554 0.0369 0.9340
vn 0.9777 -0.0013 0.2102
vn 0.9632 0.0782 0.2573
vn 0.3442 0.0708 0.9362
vn -0.5414 0.0442 0.8396
vn -0.4204 0.1363 0.8970
vn -0.9092 0.2049 0.3625
vn 0.0813 0.9908 -0.1079
vn -0.5521 0.0079 -0.8338
vn -0.4903 -0.0556 -0.8698
vn -0.9853 0.0903 0.1449
vn -0.3679 0.1266 0.9212
vn -0.2896 0.1549 0.9445
vn 0.9945 -0.0794 0.0678
vn 0.5900 -0.1370 -0.7957
vn 0.6363 -0.0603 -0.7691
vn 0.9961 -0.0447 0.0762
vn 0.5431 0.0446 0.8385
vn 0.6557 0.1165 0.7460
vn -0.9056 0.1877 0.3803
vn 0.1044 0.9945 -0.0051
vn -0.5484 0.1066 -0.8294
vn -0.4880 0.0457 -0.8717
vn -0.9835 0.0979 0.1519
vn -0.3686 0.0397 0.9287
vn -0.2897 0.0635 0.9550
vn 0.9922 -0.1092 0.0609
vn 0.5899 -0.0681 -0.8046
vn 0.6378 0.0044 -0.7702
vn 0.9945 -0.0756 0.0728
vn 0.5407 -0.0546 0.8395
vn 0.6553 0.0238 0.7550
vn -0.2505 -0.0052 -0.9681
vn 0.0131 0.9947 -0.1018
vn 0.8979 -0.0037 -0.4402
vn 0.9303 -0.0505 -0.3634
vn -0.0158 -0.1077 -0.9941
vn -0.8695 -0.0427 -0.4921
vn -0.9056 -0.0032 -0.4241
vn -0.1964 0.0971 0.9757
vn 0.7161 0.0597 0.6955
vn 0.6771 0.1403 0.7224
vn -0.2078 0.1304 0.9694
vn -0.9057 0.0529 0.4207
vn -0.8357 0.1536 0.5272
vn 0.8193 0.0638 0.5698
vn -0.0024 0.9988 0.0497
vn -0.3940 0.0063 0.9191
vn -0.4657 -0.0462 0.8837
vn 0.6644 -0.0418 0.7462
vn 0.9812 0.0081 -0.1930
vn 0.9620 0.0437 -0.2695
vn -0.4910 0.0369 -0.8704
vn -0.9981 -0.0013 -0.0616
vn -0.9908 0.0782 -0.1104
vn -0.4803 0.0708 -0.8742
vn 0.4097 0.0442 -0.9111
vn 0.2815 0.1363 -0.9498
vt 0.059520 0.059769
vt 0.000000 0.059769
vt 0.000000 0.000000
vt 0.059520 0.000000
vt 0.547030 0.682632
vt 0.592500 0.682632
vt 0.592500 0.728291
vt 0.547030 0.728291
vt 0.357121 0.358585
vt 0.357121 0.298821
vt 0.369334 0.296912
vt 0.369334 0.355735
vt 0.405995 0.000000
vt 0.405995 0.058733
vt 0.393771 0.060162
vt 0.393771 0.002354
vt 0.381556 0.000000
vt 0.381556 0.059697
vt 0.369334 0.061466
vt 0.369334 0.002708
vt 0.393771 0.000000
vt 0.393771 0.059564
vt 0.381556 0.061248
vt 0.381556 0.002621
vt 0.762581 0.046043
vt 0.762581 0.000384
vt 0.808051 0.000384
vt 0.808051 0.046043
vt 0.752636 0.390333
vt 0.798106 0.390333
vt 0.798106 0.435992
vt 0.752636 0.435992
vt 0.798106 0.481651
vt 0.752636 0.481651
vt 0.752636 0.435992
vt 0.641452 0.682506
vt 0.686921 0.682506
vt 0.686921 0.728165
vt 0.641452 0.728165
vt 0.045469 0.711577
vt 0.090939 0.711577
vt 0.090939 0.757236
vt 0.045469 0.757236
vt 0.306031 0.802895
vt 0.306031 0.757236
vt 0.351500 0.757236
vt 0.351500 0.802895
vt 0.396969 0.802895
vt 0.396969 0.757236
vt 0.700903 0.729868
vt 0.746373 0.729868
vt 0.746373 0.775527
vt 0.700903 0.775527
vt 0.090939 0.711577
vt 0.136408 0.711577
vt 0.136408 0.757236
vt 0.357121 0.239057
vt 0.369334 0.238088
vt 0.381556 0.298487
vt 0.381556 0.358185
vt 0.369334 0.355255
vt 0.369334 0.296498
vt 0.381556 0.238790
vt 0.369334 0.237740
vt 0.381556 0.179092
vt 0.369334 0.178982
vt 0.381556 0.119395
vt 0.369334 0.120224
vt 0.059520 0.358611
vt 0.000000 0.358611
vt 0.000000 0.298842
vt 0.059520 0.298842
vt 0.000000 0.239074
vt 0.059520 0.239074
vt 0.000000 0.179305
vt 0.059520 0.179305
vt 0.000000 0.119537
vt 0.059520 0.119537
vt 0.357121 0.119537
vt 0.297601 0.119537
vt 0.297601 0.059768
vt 0.357121 0.059768
vt 0.238081 0.119537
vt 0.238081 0.059769
vt 0.178561 0.119537
vt 0.178560 0.059769
vt 0.119040 0.119537
vt 0.119040 0.059769
vt 0.357121 0.179305
vt 0.297601 0.179305
vt 0.238081 0.179305
vt 0.178561 0.179305
vt 0.119040 0.179305
vt 0.357121 0.239074
vt 0.297601 0.239074
vt 0.238081 0.239074
vt 0.178561 0.239074
vt 0.119040 0.239074
vt 0.357121 0.298842
vt 0.297601 0.298842
vt 0.238081 0.298842
vt 0.178561 0.298842
vt 0.119040 0.298842
vt 0.357121 0.358611
vt 0.297601 0.358611
vt 0.238081 0.358611
vt 0.178561 0.358611
vt 0.119040 0.358611
vt 0.393771 0.238255
vt 0.393771 0.297818
vt 0.381557 0.295752
vt 0.381556 0.237126
vt 0.227347 0.802895
vt 0.181877 0.802895
vt 0.181877 0.757236
vt 0.227347 0.757236
vt 0.595982 0.728165
vt 0.641452 0.773824
vt 0.595982 0.773824
vt 0.752636 0.344674
vt 0.798106 0.344674
vt 0.011234 0.654637
vt 0.000000 0.652750
vt 0.011234 0.643347
vt 0.393771 0.178691
vt 0.381556 0.178500
vt 0.181877 0.757236
vt 0.181877 0.711577
vt 0.227347 0.711577
vt 0.227347 0.757236
vt 0.791842 0.729868
vt 0.746373 0.729868
vt 0.746373 0.684209
vt 0.791842 0.684209
vt 0.686921 0.728165
vt 0.686921 0.773824
vt 0.746373 0.775527
vt 0.746373 0.729868
vt 0.791842 0.729868
vt 0.791842 0.775527
vt 0.393771 0.119127
vt 0.381556 0.119874
vt 0.351500 0.757236
vt 0.351500 0.711577
vt 0.396969 0.711577
vt 0.090939 0.757236
vt 0.090939 0.802895
vt 0.045469 0.802895
vt 0.045469 0.757236
vt 0.136408 0.757236
vt 0.181877 0.711577
vt 0.260561 0.711577
vt 0.306031 0.711577
vt 0.260561 0.757236
vt 0.181877 0.802895
vt 0.136408 0.802895
vt 0.136408 0.757236
vt 0.181877 0.757236
vt 0.425262 0.788014
vt 0.425262 0.742355
vt 0.470731 0.742355
vt 0.470731 0.788014
vt 0.547030 0.773950
vt 0.547030 0.728291
vt 0.592500 0.773950
vt 0.357121 0.059764
vt 0.357121 0.000000
vt 0.369334 0.002794
vt 0.369334 0.061618
vt 0.471203 0.686177
vt 0.516672 0.686177
vt 0.516672 0.731836
vt 0.471203 0.731836
vt 0.357121 0.119528
vt 0.369334 0.120441
vt 0.357121 0.179293
vt 0.369334 0.179265
vt 0.405995 0.293663
vt 0.405995 0.352395
vt 0.393771 0.349203
vt 0.393771 0.291395
vt 0.425262 0.696696
vt 0.470731 0.696696
vt 0.425262 0.742355
vt 0.808051 0.091702
vt 0.808051 0.137361
vt 0.762581 0.137361
vt 0.762581 0.091702
vt 0.090939 0.802895
vt 0.090939 0.757236
vt 0.136408 0.757236
vt 0.700903 0.684209
vt 0.746373 0.684209
vt 0.700903 0.729868
vt 0.000000 0.802895
vt 0.000000 0.757236
vt 0.045469 0.757236
vt 0.045469 0.802895
vt 0.272816 0.757236
vt 0.272816 0.802895
vt 0.227347 0.802895
vt 0.000000 0.711577
vt 0.045469 0.711577
vt 0.045469 0.757236
vt 0.000000 0.757236
vt 0.471203 0.777495
vt 0.471203 0.731836
vt 0.516672 0.777495
vt 0.393771 0.357382
vt 0.381557 0.354378
vt 0.405995 0.117465
vt 0.393771 0.117970
vt 0.405995 0.176198
vt 0.393771 0.175779
vt 0.405995 0.234930
vt 0.393771 0.233587
vt 0.297601 0.000000
vt 0.357121 0.000000
vt 0.238081 0.000000
vt 0.178560 0.000000
vt 0.119040 0.000000
vt 0.242793 0.885780
vt 0.242793 0.931435
vt 0.232826 0.931431
vt 0.232826 0.885775
vt 0.237311 0.711577
vt 0.237311 0.757182
vt 0.227347 0.757204
vt 0.227347 0.711600
vt 0.826574 0.972150
vt 0.826574 0.926494
vt 0.836540 0.926499
vt 0.836540 0.972155
vt 0.994438 0.591651
vt 0.994438 0.636519
vt 0.984474 0.636604
vt 0.984474 0.591737
vt 0.074823 0.933047
vt 0.074823 0.978549
vt 0.064856 0.978584
vt 0.064856 0.933081
vt 0.438334 0.951614
vt 0.438334 0.996481
vt 0.428370 0.996567
vt 0.428370 0.951699
vt 0.015792 0.933479
vt 0.015792 0.887824
vt 0.025759 0.887828
vt 0.025759 0.933484
vt 0.051284 0.977060
vt 0.051284 0.931455
vt 0.061249 0.931433
vt 0.061249 0.977037
vt 0.005826 0.931420
vt 0.005826 0.885765
vt 0.015792 0.885769
vt 0.015792 0.931425
vt 0.981667 0.129829
vt 0.981667 0.084962
vt 0.991632 0.084876
vt 0.991632 0.129744
vt 0.980052 0.880290
vt 0.980052 0.925793
vt 0.970086 0.925827
vt 0.970086 0.880325
vt 0.980052 0.925827
vt 0.980052 0.880960
vt 0.990016 0.880874
vt 0.990016 0.925742
vt 0.090939 0.885860
vt 0.090939 0.931515
vt 0.080972 0.931510
vt 0.080972 0.885855
vt 0.227345 0.930618
vt 0.227345 0.976223
vt 0.217380 0.976245
vt 0.217380 0.930640
vt 0.074823 0.887391
vt 0.074823 0.933047
vt 0.064856 0.933042
vt 0.064856 0.887386
vt 0.994211 0.251109
vt 0.994211 0.295976
vt 0.984247 0.296062
vt 0.984247 0.251194
vt 0.979743 0.170488
vt 0.979743 0.215990
vt 0.969777 0.216025
vt 0.969777 0.170522
vt 0.978148 0.508455
vt 0.978148 0.463587
vt 0.988113 0.463502
vt 0.988113 0.508370
vt 0.061250 0.885777
vt 0.061250 0.931433
vt 0.051284 0.931428
vt 0.051284 0.885772
vt 0.960141 0.554750
vt 0.960141 0.509145
vt 0.970105 0.509123
vt 0.970105 0.554727
vt 0.366206 0.931763
vt 0.366206 0.886107
vt 0.376173 0.886112
vt 0.376173 0.931768
vt 0.974282 0.296062
vt 0.974282 0.251194
vt 0.984247 0.251109
vt 0.984247 0.295976
vt 0.575457 0.985459
vt 0.575457 0.939957
vt 0.585423 0.939922
vt 0.585423 0.985424
vt 0.503572 0.985425
vt 0.503572 0.940557
vt 0.513536 0.940472
vt 0.513536 0.985339
vt 0.267470 0.885888
vt 0.267470 0.931544
vt 0.257503 0.931539
vt 0.257503 0.885883
vt 0.906770 0.930182
vt 0.906770 0.975786
vt 0.896805 0.975809
vt 0.896805 0.930204
vt 0.614137 0.984016
vt 0.614137 0.938513
vt 0.624103 0.938478
vt 0.624103 0.983981
vt 0.982500 0.678556
vt 0.982500 0.723424
vt 0.972536 0.723509
vt 0.972536 0.678641
vt 0.971444 0.844610
vt 0.971444 0.799107
vt 0.981410 0.799073
vt 0.981410 0.844575
vt 0.425926 0.235031
vt 0.425926 0.293789
vt 0.415961 0.293811
vt 0.415961 0.235054
vt 0.331366 0.885942
vt 0.331366 0.931597
vt 0.321400 0.931593
vt 0.321400 0.885937
vt 0.080972 0.977142
vt 0.080972 0.931537
vt 0.090937 0.931515
vt 0.090937 0.977120
vt 0.700903 0.984278
vt 0.700903 0.938776
vt 0.710869 0.938741
vt 0.710869 0.984243
vt 0.398917 0.996330
vt 0.398917 0.951462
vt 0.408881 0.951377
vt 0.408881 0.996245
vt 0.683848 0.939242
vt 0.683848 0.984745
vt 0.673882 0.984780
vt 0.673882 0.939277
vt 0.425926 0.176274
vt 0.415961 0.176296
vt 0.256273 0.887840
vt 0.256273 0.933496
vt 0.246307 0.933491
vt 0.246307 0.887835
vt 0.935730 0.930387
vt 0.935730 0.975991
vt 0.925766 0.976013
vt 0.925766 0.930409
vt 0.390297 0.931681
vt 0.390297 0.977183
vt 0.380331 0.977218
vt 0.380331 0.931715
vt 0.999863 0.379319
vt 0.999863 0.424186
vt 0.989898 0.424272
vt 0.989898 0.379404
vt 0.723113 0.939175
vt 0.723113 0.984678
vt 0.713147 0.984713
vt 0.713147 0.939210
vt 0.425926 0.117516
vt 0.415961 0.117538
vt 0.302397 0.925960
vt 0.302397 0.971616
vt 0.292431 0.971611
vt 0.292431 0.925955
vt 0.041318 0.977060
vt 0.041318 0.931455
vt 0.051282 0.931433
vt 0.051282 0.977037
vt 0.366206 0.977305
vt 0.366206 0.931802
vt 0.376173 0.931768
vt 0.376173 0.977270
vt 0.979743 0.215440
vt 0.979743 0.170573
vt 0.989707 0.170488
vt 0.989707 0.215355
vt 0.978211 0.925827
vt 0.978211 0.971330
vt 0.968245 0.971365
vt 0.968245 0.925862
vt 0.425926 0.058758
vt 0.415961 0.058780
vt 0.807518 0.894608
vt 0.807518 0.940264
vt 0.797552 0.940259
vt 0.797552 0.894603
vt 0.169817 0.930334
vt 0.169817 0.975939
vt 0.159852 0.975961
vt 0.159852 0.930356
vt 0.697370 0.932251
vt 0.697370 0.977753
vt 0.687404 0.977788
vt 0.687404 0.932285
vt 0.980071 0.554075
vt 0.980071 0.509208
vt 0.990036 0.509123
vt 0.990036 0.553990
vt 0.600124 0.985659
vt 0.600124 0.940157
vt 0.610090 0.940122
vt 0.610090 0.985625
vt 0.425926 0.000000
vt 0.415961 0.000022
vt 0.288565 0.922378
vt 0.288565 0.968034
vt 0.278599 0.968029
vt 0.278599 0.922373
vt 0.361465 0.931310
vt 0.361465 0.976915
vt 0.351500 0.976937
vt 0.351500 0.931333
vt 0.972536 0.677208
vt 0.972536 0.722813
vt 0.962571 0.722835
vt 0.962571 0.677230
vt 0.412302 0.989010
vt 0.412302 0.944143
vt 0.422266 0.944057
vt 0.422266 0.988925
vt 0.246307 0.979033
vt 0.246307 0.933530
vt 0.256273 0.933496
vt 0.256273 0.978998
vt 0.425926 0.117287
vt 0.425926 0.058661
vt 0.435892 0.058626
vt 0.435892 0.117252
vt 0.958278 0.971483
vt 0.958278 0.925827
vt 0.968245 0.925832
vt 0.968245 0.971488
vt 0.128797 0.975953
vt 0.128797 0.930348
vt 0.138762 0.930326
vt 0.138762 0.975931
vt 0.331364 0.931598
vt 0.331364 0.977202
vt 0.321400 0.977224
vt 0.321400 0.931620
vt 0.994211 0.296062
vt 0.994211 0.340929
vt 0.984247 0.341014
vt 0.984247 0.296147
vt 0.723113 0.984713
vt 0.723113 0.939210
vt 0.733079 0.939175
vt 0.733079 0.984678
vt 0.425926 0.175913
vt 0.435892 0.175878
vt 0.268473 0.968189
vt 0.268473 0.922533
vt 0.278439 0.922538
vt 0.278439 0.968193
vt 0.961737 0.130503
vt 0.961737 0.084899
vt 0.971701 0.084876
vt 0.971701 0.130481
vt 0.839926 0.974914
vt 0.839926 0.929309
vt 0.849891 0.929287
vt 0.849891 0.974892
vt 0.637229 0.939436
vt 0.637229 0.984939
vt 0.627263 0.984973
vt 0.627263 0.939471
vt 0.998077 0.463502
vt 0.998077 0.508370
vt 0.988113 0.508455
vt 0.988113 0.463587
vt 0.979934 0.379319
vt 0.979934 0.424821
vt 0.969968 0.424856
vt 0.969968 0.379354
vt 0.425926 0.234539
vt 0.435892 0.234504
vt 0.887782 0.930470
vt 0.887782 0.976074
vt 0.877818 0.976097
vt 0.877818 0.930492
vt 0.390297 0.886025
vt 0.390297 0.931681
vt 0.380331 0.931676
vt 0.380331 0.886020
vt 0.250597 0.711577
vt 0.250597 0.757182
vt 0.240632 0.757204
vt 0.240632 0.711600
vt 0.195328 0.931467
vt 0.195328 0.977071
vt 0.185363 0.977094
vt 0.185363 0.931489
vt 0.660661 0.984948
vt 0.660661 0.939445
vt 0.670627 0.939410
vt 0.670627 0.984913
vt 0.444020 0.998458
vt 0.444020 0.953590
vt 0.453984 0.953505
vt 0.453984 0.998372
vt 0.974283 0.341564
vt 0.964316 0.341599
vt 0.964316 0.296096
vt 0.425926 0.293165
vt 0.435892 0.293131
vt 0.232826 0.977062
vt 0.232826 0.931458
vt 0.242791 0.931435
vt 0.242791 0.977040
vt 0.106720 0.931409
vt 0.106720 0.885753
vt 0.116686 0.885758
vt 0.116686 0.931414
vt 0.971119 0.038331
vt 0.971119 0.083936
vt 0.961154 0.083958
vt 0.961154 0.038354
vt 0.970086 0.880200
vt 0.970086 0.925805
vt 0.960121 0.925827
vt 0.960121 0.880222
vt 0.775392 0.939084
vt 0.775392 0.984587
vt 0.765426 0.984621
vt 0.765426 0.939119
vt 0.982500 0.723509
vt 0.982500 0.678641
vt 0.992465 0.678556
vt 0.992465 0.723424
vt 0.025758 0.933484
vt 0.025758 0.978987
vt 0.015792 0.979022
vt 0.015792 0.933519
vt 0.425926 0.351791
vt 0.435892 0.351757
vt 0.337440 0.976794
vt 0.337440 0.931189
vt 0.347405 0.931167
vt 0.347405 0.976772
vt 0.960002 0.424851
vt 0.960002 0.379195
vt 0.969968 0.379200
vt 0.871468 0.929382
vt 0.871468 0.974987
vt 0.861504 0.975009
vt 0.861504 0.929404
vt 0.964316 0.296062
vt 0.964316 0.250559
vt 0.974283 0.250524
vt 0.974283 0.296027
vt 0.797552 0.985801
vt 0.797552 0.940299
vt 0.807518 0.940264
vt 0.807518 0.985766
vt 0.978211 0.970780
vt 0.978211 0.925912
vt 0.988175 0.925827
vt 0.988175 0.970695
vt 0.546666 0.933623
vt 0.546666 0.979125
vt 0.536700 0.979160
vt 0.536700 0.933658
vt 0.851539 0.975009
vt 0.851539 0.929404
vt 0.861504 0.929382
vt 0.861504 0.974987
vt 0.128797 0.930321
vt 0.128797 0.884665
vt 0.138764 0.884670
vt 0.138764 0.930326
vt 0.260561 0.711577
vt 0.260561 0.757182
vt 0.250597 0.757204
vt 0.250597 0.711600
vt 0.425926 0.352547
vt 0.415961 0.352569
vt 0.560170 0.939402
vt 0.560170 0.984905
vt 0.550204 0.984939
vt 0.550204 0.939437
vt 0.445856 0.231233
vt 0.445856 0.289041
vt 0.435892 0.289126
vt 0.435892 0.231318
vt 0.227347 0.884962
vt 0.227347 0.930618
vt 0.217380 0.930613
vt 0.217380 0.884957
vt 0.195330 0.885811
vt 0.195330 0.931467
vt 0.185363 0.931462
vt 0.185363 0.885806
vt 0.106718 0.931355
vt 0.106718 0.976960
vt 0.096754 0.976982
vt 0.096754 0.931377
vt 0.775690 0.637801
vt 0.775690 0.683457
vt 0.765723 0.683452
vt 0.765723 0.637796
vt 0.974509 0.636604
vt 0.974509 0.591737
vt 0.984474 0.591651
vt 0.984474 0.636519
vt 0.573185 0.940168
vt 0.573185 0.985670
vt 0.563219 0.985705
vt 0.563219 0.940203
vt 0.445856 0.173424
vt 0.435892 0.173510
vt 0.175397 0.931538
vt 0.175397 0.885882
vt 0.185363 0.885887
vt 0.185363 0.931543
vt 0.445856 0.346849
vt 0.435892 0.346934
vt 0.267468 0.931544
vt 0.267468 0.977149
vt 0.257503 0.977171
vt 0.257503 0.931566
vt 0.051284 0.885777
vt 0.051284 0.931433
vt 0.041318 0.931428
vt 0.041318 0.885772
vt 0.979934 0.424272
vt 0.979934 0.379404
vt 0.989898 0.379319
vt 0.989898 0.424186
vt 0.185361 0.931543
vt 0.185361 0.977148
vt 0.175397 0.977170
vt 0.175397 0.931565
vt 0.791842 0.939405
vt 0.791842 0.984908
vt 0.781876 0.984943
vt 0.781876 0.939440
vt 0.445856 0.115616
vt 0.435892 0.115701
vt 0.602768 0.682505
vt 0.602768 0.728161
vt 0.592802 0.728156
vt 0.592802 0.682500
vt 0.039650 0.931384
vt 0.039650 0.976989
vt 0.029686 0.977011
vt 0.029686 0.931406
vt 0.337440 0.931162
vt 0.337440 0.885507
vt 0.347406 0.885511
vt 0.347406 0.931167
vt 0.756337 0.940614
vt 0.756337 0.985481
vt 0.746373 0.985566
vt 0.746373 0.940699
vt 0.425926 0.000035
vt 0.435892 0.000000
vt 0.981667 0.084876
vt 0.981667 0.130379
vt 0.971701 0.130414
vt 0.971701 0.084911
vt 0.445856 0.057808
vt 0.435892 0.057893
vt 0.169818 0.884678
vt 0.169818 0.930334
vt 0.159852 0.930329
vt 0.159852 0.884673
vt 0.984247 0.296062
vt 0.984247 0.340929
vt 0.974282 0.341014
vt 0.974282 0.296147
vt 0.812694 0.975656
vt 0.812694 0.930051
vt 0.822658 0.930029
vt 0.822658 0.975634
vt 0.096754 0.931350
vt 0.096754 0.885694
vt 0.106720 0.885699
vt 0.106720 0.931355
vt 0.465160 1.000000
vt 0.465160 0.955132
vt 0.475125 0.955047
vt 0.475125 0.999915
vt 0.765723 0.557527
vt 0.765723 0.511868
vt 0.811193 0.511868
vt 0.811193 0.557527
vt 0.011234 0.597688
vt 0.000000 0.593922
vt 0.011234 0.586398
vt 0.011234 0.540739
vt 0.000000 0.535094
vt 0.011234 0.529449
vt 0.011234 0.483790
vt 0.000000 0.476266
vt 0.011234 0.472500
vt 0.011234 0.415551
vt 0.011234 0.426841
vt 0.000000 0.417439
vt 0.340266 0.415551
vt 0.351500 0.417439
vt 0.340266 0.426841
vt 0.340266 0.472500
vt 0.351500 0.476266
vt 0.340266 0.483790
vt 0.340266 0.529449
vt 0.351500 0.535094
vt 0.340266 0.540739
vt 0.340266 0.586398
vt 0.351500 0.593922
vt 0.340266 0.597688
vt 0.340266 0.654637
vt 0.340266 0.643347
vt 0.351500 0.652750
vt 0.292917 0.711577
vt 0.283553 0.700296
vt 0.294796 0.700296
vt 0.234333 0.711577
vt 0.226841 0.700296
vt 0.238084 0.700296
vt 0.175750 0.711577
vt 0.170129 0.700296
vt 0.181372 0.700296
vt 0.117167 0.711577
vt 0.113416 0.700296
vt 0.124659 0.700296
vt 0.056704 0.700296
vt 0.067947 0.700296
vt 0.058583 0.711577
vt 0.056704 0.369892
vt 0.058583 0.358611
vt 0.067947 0.369892
vt 0.113416 0.369892
vt 0.117167 0.358611
vt 0.124659 0.369892
vt 0.170129 0.369892
vt 0.175750 0.358611
vt 0.181372 0.369892
vt 0.226841 0.369892
vt 0.234333 0.358611
vt 0.238084 0.369892
vt 0.294796 0.369892
vt 0.283553 0.369892
vt 0.292917 0.358611
vt 0.056704 0.654637
vt 0.056704 0.643347
vt 0.067947 0.643347
vt 0.067947 0.654637
vt 0.113416 0.654637
vt 0.113416 0.643347
vt 0.124659 0.643347
vt 0.124659 0.654637
vt 0.170129 0.654637
vt 0.170129 0.643347
vt 0.181372 0.643347
vt 0.181372 0.654637
vt 0.226841 0.654637
vt 0.226841 0.643347
vt 0.238084 0.643347
vt 0.238084 0.654637
vt 0.294796 0.654637
vt 0.283553 0.654637
vt 0.283553 0.643347
vt 0.294796 0.643347
vt 0.056704 0.597688
vt 0.056704 0.586398
vt 0.067947 0.586398
vt 0.067947 0.597688
vt 0.113416 0.597688
vt 0.113416 0.586398
vt 0.124659 0.586398
vt 0.124659 0.597688
vt 0.170129 0.597688
vt 0.170129 0.586398
vt 0.181372 0.586398
vt 0.181372 0.597688
vt 0.226841 0.597688
vt 0.226841 0.586398
vt 0.238084 0.586398
vt 0.238084 0.597688
vt 0.294796 0.597688
vt 0.283553 0.597688
vt 0.283553 0.586398
vt 0.294796 0.586398
vt 0.056704 0.540739
vt 0.056704 0.529449
vt 0.067947 0.529449
vt 0.067947 0.540739
vt 0.113416 0.540739
vt 0.113416 0.529449
vt 0.124659 0.529449
vt 0.124659 0.540739
vt 0.170129 0.540739
vt 0.170129 0.529449
vt 0.181372 0.529449
vt 0.181372 0.540739
vt 0.226841 0.540739
vt 0.226841 0.529449
vt 0.238084 0.529449
vt 0.238084 0.540739
vt 0.294796 0.540739
vt 0.283553 0.540739
vt 0.283553 0.529449
vt 0.294796 0.529449
vt 0.056704 0.483790
vt 0.056704 0.472500
vt 0.067947 0.472500
vt 0.067947 0.483790
vt 0.113416 0.483790
vt 0.113416 0.472500
vt 0.124659 0.472500
vt 0.124659 0.483790
vt 0.170129 0.483790
vt 0.170129 0.472500
vt 0.181372 0.472500
vt 0.181372 0.483790
vt 0.226841 0.483790
vt 0.226841 0.472500
vt 0.238084 0.472500
vt 0.238084 0.483790
vt 0.294796 0.483790
vt 0.283553 0.483790
vt 0.283553 0.472500
vt 0.294796 0.472500
vt 0.056704 0.415551
vt 0.067947 0.415551
vt 0.067947 0.426841
vt 0.056704 0.426841
vt 0.113416 0.415551
vt 0.124659 0.415551
vt 0.124659 0.426841
vt 0.113416 0.426841
vt 0.170129 0.415551
vt 0.181372 0.415551
vt 0.181372 0.426841
vt 0.170129 0.426841
vt 0.226841 0.415551
vt 0.238084 0.415551
vt 0.238084 0.426841
vt 0.226841 0.426841
vt 0.294796 0.415551
vt 0.294796 0.426841
vt 0.283553 0.426841
vt 0.283553 0.415551
vt 0.000000 0.711577
vt 0.011235 0.700296
vt 0.000000 0.358611
vt 0.011234 0.369892
vt 0.351500 0.358611
vt 0.340266 0.369892
vt 0.351500 0.711577
vt 0.340266 0.700296
vt 1.000000 0.509123
vt 1.000000 0.553990
vt 0.990036 0.554075
vt 0.990036 0.509208
vt 0.974509 0.591067
vt 0.974509 0.636570
vt 0.964543 0.636604
vt 0.964543 0.591102
vt 0.598460 0.942964
vt 0.598460 0.987832
vt 0.588495 0.987917
vt 0.588495 0.943050
vt 0.029686 0.931379
vt 0.029686 0.885723
vt 0.039652 0.885728
vt 0.039652 0.931384
vt 0.971444 0.798983
vt 0.971444 0.844588
vt 0.961480 0.844610
vt 0.961480 0.799005
vt 0.948312 0.971483
vt 0.948312 0.925827
vt 0.958278 0.925832
vt 0.958278 0.971488
vt 0.405995 0.352941
vt 0.405995 0.294118
vt 0.415961 0.294123
vt 0.415961 0.352946
vt 0.971119 0.083869
vt 0.971119 0.038366
vt 0.981085 0.038331
vt 0.981085 0.083834
vt 0.981410 0.844610
vt 0.981410 0.799742
vt 0.991375 0.799657
vt 0.991375 0.844525
vt 0.500447 0.940541
vt 0.500447 0.985409
vt 0.490483 0.985494
vt 0.490483 0.940626
vt 0.321398 0.931423
vt 0.321398 0.977027
vt 0.311433 0.977050
vt 0.311433 0.931445
vt 0.968182 0.462799
vt 0.968182 0.508455
vt 0.958216 0.508450
vt 0.958216 0.462794
vt 0.405995 0.235294
vt 0.415961 0.235299
vt 0.978148 0.462918
vt 0.978148 0.508420
vt 0.968182 0.462952
vt 0.988175 0.970780
vt 0.988175 0.925912
vt 0.998140 0.925827
vt 0.998140 0.970695
vt 0.999672 0.170488
vt 0.999672 0.215355
vt 0.989707 0.215440
vt 0.989707 0.170573
vt 0.923346 0.930456
vt 0.923346 0.976061
vt 0.913382 0.976083
vt 0.913382 0.930479
vt 0.969777 0.170493
vt 0.969777 0.216148
vt 0.959811 0.216143
vt 0.959811 0.170488
vt 0.405995 0.176471
vt 0.415961 0.176475
vt 0.980071 0.509123
vt 0.980071 0.554625
vt 0.970105 0.554660
vt 0.970105 0.509157
vt 0.463948 0.951915
vt 0.463948 0.996783
vt 0.453984 0.996868
vt 0.453984 0.952000
vt 0.990016 0.925827
vt 0.990016 0.880960
vt 0.999981 0.880874
vt 0.999981 0.925742
vt 0.972536 0.722835
vt 0.972536 0.768440
vt 0.962571 0.768462
vt 0.962572 0.722857
vt 0.945697 0.926544
vt 0.945697 0.972199
vt 0.935730 0.972194
vt 0.935730 0.926539
vt 0.405995 0.117647
vt 0.415961 0.117652
vt 0.654756 0.934261
vt 0.654756 0.979764
vt 0.644790 0.979798
vt 0.644790 0.934296
vt 0.982500 0.768462
vt 0.982500 0.723594
vt 0.992465 0.723509
vt 0.992465 0.768377
vt 0.972536 0.768462
vt 0.972536 0.723594
vt 0.982500 0.768377
vt 0.015790 0.931425
vt 0.015791 0.977030
vt 0.005826 0.977052
vt 0.005826 0.931447
vt 0.311433 0.931418
vt 0.311433 0.885762
vt 0.321400 0.885767
vt 0.321400 0.931423
vt 0.405995 0.058824
vt 0.415961 0.058828
vt 0.743046 0.938591
vt 0.743046 0.984094
vt 0.733079 0.984129
vt 0.733079 0.938626
vt 0.991049 0.038916
vt 0.991049 0.083783
vt 0.981085 0.083869
vt 0.981085 0.039001
vt 0.485171 0.942081
vt 0.485171 0.986948
vt 0.475207 0.987034
vt 0.475207 0.942166
vt 0.116684 0.931414
vt 0.116684 0.977019
vt 0.106720 0.977041
vt 0.106720 0.931436
vt 0.405995 0.000000
vt 0.415961 0.000005
vt 0.351500 0.931305
vt 0.351500 0.885650
vt 0.361466 0.885655
vt 0.361466 0.931310
vt 0.445856 0.000000
vt 0.435892 0.000085
vt 0.533356 0.933862
vt 0.533356 0.979364
vt 0.523390 0.979399
vt 0.523390 0.933897
vt 0.440213 0.524153
vt 0.450939 0.526393
vt 0.450939 0.696342
vt 0.439626 0.690181
vt 0.523643 0.686095
vt 0.516721 0.684802
vt 0.516035 0.524710
vt 0.523643 0.516366
vt 0.560100 0.174341
vt 0.569064 0.172027
vt 0.565693 0.336611
vt 0.559177 0.332175
vt 0.509149 0.685317
vt 0.510050 0.519196
vt 0.869036 0.001603
vt 0.877370 0.000384
vt 0.877370 0.160949
vt 0.870369 0.168486
vt 0.488057 0.852033
vt 0.499297 0.777495
vt 0.499297 0.857511
vt 0.757202 0.855529
vt 0.763384 0.775527
vt 0.763384 0.860423
vt 0.895067 0.511296
vt 0.895067 0.593498
vt 0.887956 0.520070
vt 0.516825 0.763235
vt 0.523643 0.769835
vt 0.576615 0.173233
vt 0.576615 0.337517
vt 0.964543 0.591067
vt 0.964543 0.676315
vt 0.958159 0.599138
vt 0.746373 0.853838
vt 0.800490 0.557527
vt 0.811193 0.559491
vt 0.811193 0.729508
vt 0.799941 0.724054
vt 0.683277 0.171980
vt 0.676342 0.170869
vt 0.675672 0.010142
vt 0.683277 0.001824
vt 0.559749 0.346213
vt 0.568688 0.344217
vt 0.565304 0.510374
vt 0.558808 0.505651
vt 0.668792 0.171068
vt 0.669722 0.004085
vt 0.872066 0.174404
vt 0.880403 0.173133
vt 0.880403 0.332711
vt 0.873408 0.340049
vt 0.935730 0.919851
vt 0.948312 0.845557
vt 0.948312 0.926539
vt 0.557932 0.854045
vt 0.564075 0.773950
vt 0.564075 0.859223
vt 0.895066 0.593498
vt 0.895066 0.676581
vt 0.887956 0.602245
vt 0.399099 0.514358
vt 0.405987 0.436985
vt 0.405987 0.520419
vt 0.576264 0.345095
vt 0.576264 0.510787
vt 0.964316 0.256309
vt 0.964316 0.341599
vt 0.957924 0.264183
vt 0.547030 0.852842
vt 0.729249 0.511868
vt 0.740379 0.514011
vt 0.740379 0.683035
vt 0.727615 0.676707
vt 0.465796 0.685327
vt 0.458875 0.684594
vt 0.458187 0.524725
vt 0.465796 0.516570
vt 0.525425 0.173385
vt 0.532944 0.172027
vt 0.529098 0.339287
vt 0.523645 0.334064
vt 0.451301 0.684160
vt 0.452197 0.517664
vt 0.872066 0.341164
vt 0.880308 0.340049
vt 0.880308 0.500555
vt 0.873174 0.508231
vt 0.613264 0.848378
vt 0.624103 0.773824
vt 0.624103 0.854752
vt 0.822658 0.849895
vt 0.822658 0.930029
vt 0.817210 0.845694
vt 0.916733 0.425031
vt 0.923646 0.508484
vt 0.910333 0.434173
vt 0.923646 0.431183
vt 0.541475 0.172340
vt 0.541475 0.338860
vt 0.811193 0.854280
vt 0.948478 0.508832
vt 0.948478 0.589635
vt 0.936267 0.510908
vt 0.519377 0.170800
vt 0.512521 0.169589
vt 0.507782 0.000004
vt 0.519377 0.004856
vt 0.505102 0.168624
vt 0.501739 0.008128
vt 0.814318 0.176091
vt 0.824588 0.174546
vt 0.824588 0.341828
vt 0.817050 0.336741
vt 0.836464 0.341847
vt 0.844704 0.341828
vt 0.844704 0.508979
vt 0.834967 0.502604
vt 0.910056 0.678428
vt 0.917114 0.677194
vt 0.917114 0.837877
vt 0.912783 0.845557
vt 0.272816 0.829929
vt 0.292066 0.757236
vt 0.281393 0.837451
vt 0.923767 0.260058
vt 0.923767 0.340049
vt 0.915890 0.255516
vt 0.355956 0.802895
vt 0.366206 0.885650
vt 0.351500 0.811623
vt 0.366206 0.808399
vt 0.802442 0.341649
vt 0.794133 0.341828
vt 0.790306 0.176019
vt 0.802442 0.174892
vt 0.910333 0.263711
vt 0.936638 0.673132
vt 0.946684 0.592847
vt 0.948826 0.673132
vt 0.476014 0.344188
vt 0.485828 0.346672
vt 0.485828 0.516350
vt 0.476475 0.509828
vt 0.895695 0.340049
vt 0.888264 0.338908
vt 0.888629 0.178855
vt 0.895695 0.170349
vt 0.824588 0.176215
vt 0.834942 0.174546
vt 0.834942 0.339498
vt 0.827322 0.334574
vt 0.856459 0.341828
vt 0.863762 0.341866
vt 0.863762 0.509004
vt 0.854365 0.502598
vt 0.880403 0.172928
vt 0.888264 0.171671
vt 0.888264 0.332317
vt 0.882783 0.340049
vt 0.791842 0.802859
vt 0.811098 0.729868
vt 0.800446 0.809381
vt 0.453984 0.792586
vt 0.453984 0.872845
vt 0.446149 0.788014
vt 0.961480 0.762104
vt 0.955218 0.771223
vt 0.952707 0.161348
vt 0.961737 0.084876
vt 0.961737 0.168266
vt 0.468787 0.344431
vt 0.465871 0.511046
vt 0.441341 0.796677
vt 0.292066 0.837420
vt 0.456026 0.344506
vt 0.465796 0.346465
vt 0.456527 0.511043
vt 0.895215 0.847255
vt 0.887782 0.846136
vt 0.888156 0.685602
vt 0.895215 0.677194
vt 0.819860 0.002056
vt 0.830208 0.000384
vt 0.830208 0.165849
vt 0.822591 0.160910
vt 0.401530 0.701347
vt 0.408881 0.700868
vt 0.408881 0.867369
vt 0.399460 0.861243
vt 0.880308 0.341006
vt 0.888146 0.340049
vt 0.888146 0.500264
vt 0.882703 0.507489
vt 0.641452 0.846496
vt 0.660661 0.773824
vt 0.649845 0.854027
vt 0.929722 0.681789
vt 0.929722 0.762104
vt 0.921895 0.677194
vt 0.523091 0.769835
vt 0.523091 0.852844
vt 0.516825 0.778854
vt 0.948849 0.333418
vt 0.957924 0.256309
vt 0.957924 0.340049
vt 0.448752 0.344188
vt 0.445856 0.511460
vt 0.917114 0.685786
vt 0.811098 0.810151
vt 0.476111 0.172027
vt 0.485828 0.174535
vt 0.485828 0.344188
vt 0.476657 0.337635
vt 0.910056 0.845662
vt 0.902694 0.844743
vt 0.902787 0.685093
vt 0.910056 0.677194
vt 0.834942 0.175998
vt 0.844813 0.174546
vt 0.844813 0.341740
vt 0.837524 0.336592
vt 0.865561 0.509379
vt 0.871479 0.509501
vt 0.871479 0.676611
vt 0.862935 0.670135
vt 0.871468 0.678418
vt 0.879782 0.677194
vt 0.879782 0.837779
vt 0.873353 0.845517
vt 0.600124 0.933457
vt 0.613260 0.859139
vt 0.613260 0.940122
vt 0.399099 0.431316
vt 0.405995 0.352395
vt 0.405995 0.436985
vt 0.154039 0.884654
vt 0.154039 0.968346
vt 0.147443 0.893127
vt 0.954514 0.753559
vt 0.962572 0.677208
vt 0.962572 0.760638
vt 0.468784 0.172271
vt 0.465910 0.338853
vt 0.797502 0.810151
vt 0.797502 0.895041
vt 0.791842 0.818473
vt 0.660661 0.854008
vt 0.398889 0.529621
vt 0.408881 0.531296
vt 0.408881 0.700868
vt 0.395265 0.695256
vt 0.668792 0.171980
vt 0.664040 0.171153
vt 0.661772 0.010456
vt 0.668792 0.002009
vt 0.594738 0.003612
vt 0.604437 0.002082
vt 0.604437 0.169378
vt 0.597339 0.164280
vt 0.655117 0.171304
vt 0.652727 0.004177
vt 0.588235 0.004935
vt 0.590560 0.172024
vt 0.948478 0.582311
vt 0.960141 0.509123
vt 0.960141 0.589635
vt 0.074823 0.807311
vt 0.074823 0.887386
vt 0.067285 0.802895
vt 0.112783 0.802895
vt 0.122455 0.885753
vt 0.106720 0.812059
vt 0.122455 0.808149
vt 0.727435 0.344298
vt 0.718370 0.344249
vt 0.714238 0.178183
vt 0.727435 0.177385
vt 0.061250 0.811237
vt 0.660661 0.939410
vt 0.670881 0.859140
vt 0.673882 0.939410
vt 0.515675 0.514059
vt 0.511145 0.344217
vt 0.523643 0.349986
vt 0.508454 0.513264
vt 0.505728 0.352950
vt 0.833238 0.678948
vt 0.843544 0.677194
vt 0.843543 0.842172
vt 0.835954 0.837310
vt 0.417414 0.696696
vt 0.425262 0.696779
vt 0.425262 0.863875
vt 0.415627 0.857464
vt 0.895566 0.341370
vt 0.903042 0.340049
vt 0.903042 0.500641
vt 0.898147 0.508446
vt 0.948324 0.417555
vt 0.960002 0.344313
vt 0.960002 0.424856
vt 0.935730 0.850117
vt 0.927957 0.845557
vt 0.341408 0.802895
vt 0.351500 0.885507
vt 0.337440 0.811383
vt 0.351500 0.808552
vt 0.814318 0.341502
vt 0.806191 0.341828
vt 0.802442 0.176521
vt 0.814318 0.175185
vt 0.923346 0.854219
vt 0.941078 0.080464
vt 0.953028 0.000384
vt 0.953028 0.080585
vt 0.523645 0.344180
vt 0.515662 0.341904
vt 0.511135 0.172027
vt 0.523645 0.177773
vt 0.508445 0.341101
vt 0.505728 0.180743
vt 0.822941 0.678934
vt 0.833238 0.677194
vt 0.833238 0.842804
vt 0.825654 0.837911
vt 0.855045 0.510325
vt 0.862935 0.509968
vt 0.862935 0.676611
vt 0.853286 0.670368
vt 0.863762 0.342749
vt 0.871206 0.341828
vt 0.871206 0.502142
vt 0.866355 0.509372
vt 0.482154 0.785832
vt 0.488057 0.861111
vt 0.471203 0.782468
vt 0.936037 0.175086
vt 0.936037 0.255415
vt 0.928272 0.170488
vt 0.384309 0.802895
vt 0.394405 0.886020
vt 0.380331 0.811996
vt 0.394405 0.808380
vt 0.814375 0.509133
vt 0.806208 0.509019
vt 0.802442 0.342541
vt 0.814375 0.341828
vt 0.923688 0.179053
vt 0.954515 0.677194
vt 0.954515 0.757610
vt 0.942606 0.678250
vt 0.455894 0.000000
vt 0.465866 0.002476
vt 0.465866 0.172115
vt 0.456208 0.165587
vt 0.903021 0.676836
vt 0.895566 0.675721
vt 0.896314 0.516145
vt 0.903021 0.508446
vt 0.811193 0.680005
vt 0.821368 0.678515
vt 0.821368 0.845694
vt 0.813866 0.840576
vt 0.855022 0.677239
vt 0.862869 0.677194
vt 0.862869 0.844344
vt 0.853235 0.837977
vt 0.895215 0.678403
vt 0.902694 0.677194
vt 0.902694 0.837883
vt 0.897794 0.845533
vt 0.533356 0.926954
vt 0.546666 0.852641
vt 0.947983 0.175381
vt 0.947983 0.254609
vt 0.940334 0.170488
vt 0.488057 0.777495
vt 0.948826 0.669511
vt 0.958159 0.592847
vt 0.958159 0.676315
vt 0.448843 0.000276
vt 0.445856 0.166854
vt 0.936037 0.178114
vt 0.211213 0.802895
vt 0.211213 0.883830
vt 0.200886 0.804353
vt 0.686511 0.000699
vt 0.697009 0.002459
vt 0.697009 0.171980
vt 0.683277 0.166238
vt 0.620535 0.172024
vt 0.616066 0.171172
vt 0.613669 0.010454
vt 0.620535 0.002009
vt 0.583970 0.173579
vt 0.592829 0.172027
vt 0.592829 0.339333
vt 0.586365 0.334251
vt 0.607127 0.171344
vt 0.604437 0.004216
vt 0.576615 0.174858
vt 0.579282 0.341974
vt 0.511119 0.786709
vt 0.516672 0.860290
vt 0.499488 0.781595
vt 0.928256 0.004735
vt 0.928256 0.084876
vt 0.921283 0.000384
vt 0.096890 0.802895
vt 0.106720 0.885694
vt 0.090939 0.812013
vt 0.106720 0.808133
vt 0.753344 0.678877
vt 0.744408 0.678628
vt 0.740379 0.512377
vt 0.753344 0.511868
vt 0.915072 0.008829
vt 0.488057 0.861111
vt 0.488057 0.942081
vt 0.475207 0.862910
vt 0.374571 0.530839
vt 0.368170 0.528306
vt 0.363373 0.358611
vt 0.374571 0.364621
vt 0.360710 0.527463
vt 0.357121 0.367362
vt 0.824636 0.343224
vt 0.834967 0.341828
vt 0.834967 0.507099
vt 0.827380 0.501964
vt 0.842154 0.000384
vt 0.850194 0.000497
vt 0.850194 0.167542
vt 0.840499 0.161134
vt 0.903042 0.341420
vt 0.910333 0.340049
vt 0.910333 0.500581
vt 0.905694 0.508444
vt 0.712528 0.784657
vt 0.718085 0.858591
vt 0.700903 0.779725
vt 0.923346 0.850187
vt 0.923346 0.930456
vt 0.915443 0.845557
vt 0.677981 0.850126
vt 0.687400 0.773824
vt 0.687400 0.856936
vt 0.822941 0.678166
vt 0.814904 0.678515
vt 0.811193 0.513237
vt 0.822941 0.511868
vt 0.910056 0.854175
vt 0.947983 0.250587
vt 0.959810 0.170488
vt 0.959810 0.250671
vt 0.399011 0.529621
vt 0.392600 0.527299
vt 0.387804 0.357382
vt 0.399011 0.363209
vt 0.385141 0.526441
vt 0.381556 0.366050
vt 0.822941 0.513279
vt 0.833279 0.511868
vt 0.833279 0.677194
vt 0.825686 0.672068
vt 0.845206 0.510260
vt 0.853285 0.509968
vt 0.853286 0.676726
vt 0.843581 0.670433
vt 0.903021 0.510099
vt 0.910276 0.509165
vt 0.910276 0.669568
vt 0.905686 0.676836
vt 0.464739 0.796353
vt 0.470731 0.871626
vt 0.453984 0.793010
vt 0.887782 0.850192
vt 0.879878 0.845564
vt 0.718085 0.775527
vt 0.588495 0.936280
vt 0.597937 0.859236
vt 0.597937 0.942964
vt 0.819860 0.167688
vt 0.811780 0.167580
vt 0.808051 0.001107
vt 0.819860 0.000384
vt 0.874514 0.854177
vt 0.948312 0.925102
vt 0.960121 0.845557
vt 0.960121 0.925827
vt 0.416559 0.352946
vt 0.425262 0.355455
vt 0.425262 0.525305
vt 0.417872 0.518836
vt 0.903153 0.338665
vt 0.895695 0.337573
vt 0.896371 0.178055
vt 0.903152 0.170349
vt 0.814375 0.343327
vt 0.824636 0.341828
vt 0.824636 0.508968
vt 0.817076 0.503858
vt 0.862107 0.000384
vt 0.869036 0.000428
vt 0.869036 0.167566
vt 0.859841 0.161152
vt 0.791900 0.558773
vt 0.799941 0.557527
vt 0.799941 0.718170
vt 0.794145 0.725896
vt 0.687404 0.925584
vt 0.700733 0.851274
vt 0.700733 0.932251
vt 0.408881 0.872204
vt 0.408881 0.951377
vt 0.401144 0.867369
vt 0.466334 0.948085
vt 0.475125 0.871626
vt 0.475125 0.955047
vt 0.408440 0.353020
vt 0.405995 0.519811
vt 0.396635 0.875008
vt 0.943301 0.842388
vt 0.953201 0.762104
vt 0.955218 0.842388
vt 0.414597 0.525305
vt 0.425262 0.527121
vt 0.411537 0.690896
vt 0.640537 0.684062
vt 0.634912 0.683228
vt 0.633120 0.522549
vt 0.640537 0.514148
vt 0.579268 0.003614
vt 0.588235 0.002082
vt 0.588235 0.169384
vt 0.581690 0.164288
vt 0.626199 0.683298
vt 0.624862 0.516168
vt 0.571996 0.004910
vt 0.574629 0.172015
vt 0.923767 0.333065
vt 0.936725 0.259614
vt 0.936725 0.340049
vt 0.910056 0.850030
vt 0.910056 0.930182
vt 0.903007 0.845662
vt 0.263844 0.802895
vt 0.272816 0.885883
vt 0.257503 0.812142
vt 0.272816 0.808216
vt 0.713177 0.511650
vt 0.704034 0.511500
vt 0.699888 0.345326
vt 0.713177 0.344674
vt 0.896805 0.854101
vt 0.641452 0.934261
vt 0.652087 0.854027
vt 0.654756 0.934261
vt 0.691100 0.172058
vt 0.700798 0.174361
vt 0.700798 0.344393
vt 0.687305 0.338518
vt 0.625169 0.341989
vt 0.620737 0.340603
vt 0.618324 0.180168
vt 0.625169 0.172027
vt 0.663303 0.512984
vt 0.673163 0.511868
vt 0.673163 0.677633
vt 0.665942 0.672275
vt 0.611798 0.340783
vt 0.609069 0.174255
vt 0.657052 0.514993
vt 0.659277 0.680277
vt 0.412302 0.937019
vt 0.425262 0.863875
vt 0.425262 0.944057
vt 0.306031 0.761934
vt 0.306031 0.842214
vt 0.298368 0.757236
vt 0.159998 0.802895
vt 0.169818 0.884673
vt 0.154039 0.811711
vt 0.169818 0.807804
vt 0.752636 0.510376
vt 0.743672 0.510497
vt 0.739576 0.345703
vt 0.292431 0.765796
vt 0.503572 0.940472
vt 0.514666 0.860290
vt 0.516672 0.940472
vt 0.691192 0.511868
vt 0.700903 0.514300
vt 0.700903 0.684124
vt 0.687404 0.678197
vt 0.641266 0.341958
vt 0.636790 0.341170
vt 0.634396 0.180504
vt 0.641266 0.172027
vt 0.494134 0.514341
vt 0.504015 0.513288
vt 0.504015 0.678536
vt 0.496779 0.673149
vt 0.627851 0.341341
vt 0.625169 0.174229
vt 0.487919 0.516468
vt 0.490130 0.681188
vt 0.441956 0.947380
vt 0.029392 0.807624
vt 0.029392 0.887824
vt 0.021714 0.802895
vt 0.051421 0.802895
vt 0.061250 0.885772
vt 0.045469 0.812045
vt 0.061250 0.808169
vt 0.740514 0.344298
vt 0.731536 0.344225
vt 0.727435 0.177857
vt 0.740514 0.177088
vt 0.015792 0.811488
vt 0.490483 0.939959
vt 0.503572 0.860290
vt 0.503572 0.940541
vt 0.501739 0.168992
vt 0.493505 0.168253
vt 0.489043 0.000000
vt 0.501739 0.004565
vt 0.486357 0.167027
vt 0.483804 0.007575
vt 0.647484 0.173789
vt 0.657363 0.172058
vt 0.657363 0.339149
vt 0.650128 0.334212
vt 0.844535 0.677266
vt 0.853235 0.677194
vt 0.853235 0.844308
vt 0.843544 0.837912
vt 0.641266 0.174767
vt 0.643478 0.341787
vt 0.940726 0.159347
vt 0.952707 0.084876
vt 0.952707 0.165815
vt 0.306029 0.846489
vt 0.306029 0.925955
vt 0.298388 0.842214
vt 0.232502 0.802895
vt 0.242793 0.885775
vt 0.227347 0.811889
vt 0.242793 0.808263
vt 0.762581 0.167420
vt 0.753741 0.167421
vt 0.749695 0.001258
vt 0.292431 0.850349
vt 0.941078 0.000384
vt 0.941078 0.081233
vt 0.928256 0.001943
vt 0.767011 0.170085
vt 0.777997 0.172320
vt 0.777997 0.341934
vt 0.765921 0.335648
vt 0.485828 0.686177
vt 0.479271 0.685302
vt 0.478189 0.524659
vt 0.485828 0.516350
vt 0.542414 0.345890
vt 0.550714 0.344217
vt 0.547083 0.511313
vt 0.541055 0.506324
vt 0.471203 0.685238
vt 0.471333 0.518128
vt 0.879780 0.509434
vt 0.887956 0.508270
vt 0.887956 0.668948
vt 0.880774 0.676581
vt 0.673882 0.932415
vt 0.687117 0.859140
vt 0.687117 0.939242
vt 0.672361 0.853693
vt 0.677981 0.773824
vt 0.677981 0.859140
vt 0.372660 0.802895
vt 0.380331 0.886107
vt 0.366206 0.812163
vt 0.380331 0.808438
vt 0.558808 0.344720
vt 0.558808 0.511169
vt 0.415627 0.696696
vt 0.415627 0.781546
vt 0.408985 0.704806
vt 0.660661 0.852917
vt 0.677040 0.172058
vt 0.687305 0.174257
vt 0.687305 0.344363
vt 0.673607 0.338560
vt 0.657052 0.514177
vt 0.652917 0.512779
vt 0.650380 0.352341
vt 0.657052 0.344217
vt 0.599661 0.345220
vt 0.608763 0.344217
vt 0.608763 0.510479
vt 0.602116 0.505023
vt 0.643985 0.512938
vt 0.640961 0.346407
vt 0.592500 0.346960
vt 0.595088 0.512844
vt 0.923688 0.175218
vt 0.923688 0.255516
vt 0.916511 0.170488
vt 0.128285 0.802895
vt 0.138247 0.884665
vt 0.122455 0.811647
vt 0.138247 0.807856
vt 0.744430 0.177088
vt 0.753461 0.177670
vt 0.753645 0.341938
vt 0.740514 0.341938
vt 0.910333 0.179001
vt 0.588495 0.859236
vt 0.588495 0.939922
vt 0.575457 0.860795
vt 0.429347 0.524153
vt 0.439626 0.526502
vt 0.439626 0.696349
vt 0.425926 0.690522
vt 0.652727 0.171929
vt 0.648545 0.171159
vt 0.646027 0.010506
vt 0.652727 0.002009
vt 0.664195 0.345020
vt 0.673317 0.344217
vt 0.673317 0.509605
vt 0.666655 0.504031
vt 0.639611 0.171353
vt 0.636633 0.004251
vt 0.657052 0.346929
vt 0.659633 0.511868
vt 0.520091 0.927280
vt 0.533356 0.853006
vt 0.533356 0.933862
vt 0.923708 0.344896
vt 0.923708 0.425031
vt 0.916505 0.340049
vt 0.431085 0.788014
vt 0.441054 0.870888
vt 0.425262 0.797139
vt 0.441054 0.793298
vt 0.739576 0.511493
vt 0.730538 0.511253
vt 0.726455 0.345193
vt 0.739576 0.344674
vt 0.910333 0.348578
vt 0.624103 0.939046
vt 0.637229 0.859145
vt 0.637229 0.939436
vt 0.360521 0.530839
vt 0.370827 0.532297
vt 0.370827 0.700688
vt 0.357121 0.695090
vt 0.558808 0.681068
vt 0.555168 0.680421
vt 0.552446 0.519899
vt 0.558808 0.511313
vt 0.598741 0.514560
vt 0.608763 0.512844
vt 0.608763 0.679901
vt 0.601418 0.674955
vt 0.546292 0.680672
vt 0.542812 0.513655
vt 0.592802 0.515500
vt 0.594904 0.682500
vt 0.936074 0.418380
vt 0.948324 0.343923
vt 0.948324 0.424856
vt 0.923870 0.513477
vt 0.923870 0.592847
vt 0.916139 0.509165
vt 0.080781 0.802895
vt 0.090939 0.885855
vt 0.075220 0.812025
vt 0.090939 0.808238
vt 0.723476 0.167583
vt 0.714356 0.167476
vt 0.710206 0.001103
vt 0.723476 0.000384
vt 0.910276 0.517232
vt 0.791842 0.858605
vt 0.791842 0.939405
vt 0.778660 0.860294
vt 0.754659 0.511868
vt 0.765723 0.514057
vt 0.765723 0.683709
vt 0.753344 0.677486
vt 0.893117 0.170178
vt 0.886019 0.169232
vt 0.885575 0.008599
vt 0.893117 0.000384
vt 0.555480 0.006523
vt 0.564448 0.004903
vt 0.561079 0.172015
vt 0.554560 0.166986
vt 0.865471 0.677233
vt 0.871468 0.677194
vt 0.871468 0.844345
vt 0.862869 0.837979
vt 0.871479 0.509471
vt 0.879780 0.508270
vt 0.879780 0.668949
vt 0.873391 0.676611
vt 0.740901 0.784744
vt 0.746373 0.858360
vt 0.729129 0.779683
vt 0.586355 0.853753
vt 0.592500 0.859236
vt 0.211213 0.967461
vt 0.204224 0.892523
vt 0.953028 0.076994
vt 0.961154 0.000384
vt 0.961154 0.083958
vt 0.571996 0.005416
vt 0.571996 0.171885
vt 0.278439 0.837451
vt 0.278439 0.922533
vt 0.272816 0.845697
vt 0.575457 0.853100
vt 0.496051 0.172027
vt 0.505728 0.174524
vt 0.505728 0.344217
vt 0.496633 0.337690
vt 0.900539 0.170162
vt 0.893117 0.169115
vt 0.894111 0.008956
vt 0.900539 0.000384
vt 0.833279 0.513632
vt 0.843581 0.511868
vt 0.843581 0.676726
vt 0.835994 0.671875
vt 0.688984 0.684124
vt 0.697122 0.684230
vt 0.697122 0.851274
vt 0.687404 0.844875
vt 0.903153 0.171644
vt 0.910333 0.170265
vt 0.910333 0.330799
vt 0.905842 0.338665
vt 0.786368 0.784665
vt 0.774600 0.779767
vt 0.936074 0.344601
vt 0.936074 0.424856
vt 0.928305 0.340049
vt 0.948758 0.501675
vt 0.958216 0.425356
vt 0.958216 0.508455
vt 0.488684 0.172249
vt 0.485828 0.338878
vt 0.923708 0.348728
vt 0.718085 0.855730
vt 0.728830 0.775527
vt 0.728954 0.855730
vt 0.436173 0.352116
vt 0.445804 0.354057
vt 0.445804 0.524153
vt 0.436794 0.518654
vt 0.895566 0.510031
vt 0.888146 0.508968
vt 0.889146 0.348544
vt 0.895566 0.340049
vt 0.830208 0.002134
vt 0.840499 0.000384
vt 0.840499 0.165900
vt 0.832919 0.161017
vt 0.534906 0.686162
vt 0.543083 0.685885
vt 0.543083 0.852641
vt 0.533356 0.846331
vt 0.907928 0.001304
vt 0.915072 0.000384
vt 0.915072 0.160782
vt 0.910630 0.168039
vt 0.765723 0.630189
vt 0.785031 0.557527
vt 0.774624 0.637796
vt 0.940726 0.089468
vt 0.940726 0.169791
vt 0.932968 0.084876
vt 0.614626 0.931798
vt 0.624103 0.938478
vt 0.428761 0.351791
vt 0.425926 0.519061
vt 0.928399 0.093457
vt 0.763724 0.855580
vt 0.768763 0.775527
vt 0.774600 0.855580
vt 0.455884 0.172115
vt 0.465871 0.174609
vt 0.465871 0.344188
vt 0.456183 0.337622
vt 0.907928 0.168923
vt 0.900539 0.167973
vt 0.900722 0.008268
vt 0.907928 0.000384
vt 0.370827 0.532353
vt 0.381126 0.530839
vt 0.381126 0.697995
vt 0.373541 0.692896
vt 0.856700 0.174282
vt 0.863723 0.174315
vt 0.863723 0.341457
vt 0.854475 0.335049
vt 0.879782 0.678438
vt 0.887782 0.677194
vt 0.887782 0.837844
vt 0.882061 0.845564
vt 0.915072 0.159192
vt 0.928399 0.084876
vt 0.928399 0.165855
vt 0.936267 0.513631
vt 0.936267 0.592847
vt 0.928490 0.508832
vt 0.147443 0.884654
vt 0.147443 0.968349
vt 0.140930 0.893124
vt 0.887782 0.923733
vt 0.896636 0.847255
vt 0.896636 0.930680
vt 0.448850 0.172419
vt 0.445856 0.338928
vt 0.923870 0.516509
vt 0.785031 0.637651
vt 0.384520 0.529621
vt 0.395265 0.531451
vt 0.395265 0.700980
vt 0.381556 0.695150
vt 0.564075 0.848571
vt 0.575370 0.773950
vt 0.575370 0.854764
vt 0.624862 0.514203
vt 0.620414 0.513376
vt 0.618008 0.352675
vt 0.624862 0.344217
vt 0.582897 0.345763
vt 0.592500 0.344217
vt 0.592500 0.511520
vt 0.585475 0.506434
vt 0.611475 0.513549
vt 0.608763 0.346425
vt 0.576264 0.347060
vt 0.578640 0.514166
vt 0.923603 0.666376
vt 0.936638 0.592847
vt 0.936638 0.673314
vt 0.811098 0.814543
vt 0.811098 0.894603
vt 0.803623 0.810151
vt 0.035627 0.802895
vt 0.045469 0.885723
vt 0.029686 0.812023
vt 0.045469 0.808147
vt 0.726455 0.511651
vt 0.717318 0.511491
vt 0.713177 0.345312
vt 0.726455 0.344674
vt 0.797552 0.818500
vt 0.733079 0.938591
vt 0.743761 0.858360
vt 0.746373 0.938591
vt 0.541055 0.516282
vt 0.531172 0.514240
vt 0.527374 0.344217
vt 0.541055 0.349761
vt 0.524826 0.513415
vt 0.523643 0.352829
vt 0.582285 0.515453
vt 0.592500 0.514166
vt 0.592500 0.679709
vt 0.585005 0.674485
vt 0.845727 0.174546
vt 0.854475 0.174636
vt 0.854475 0.341457
vt 0.844813 0.335179
vt 0.576868 0.517631
vt 0.578766 0.682632
vt 0.746373 0.933624
vt 0.759410 0.860423
vt 0.759410 0.940614
vt 0.256273 0.807549
vt 0.256273 0.887835
vt 0.248415 0.802895
vt 0.217081 0.802895
vt 0.227347 0.884957
vt 0.211800 0.811520
vt 0.227347 0.808118
vt 0.749695 0.166035
vt 0.740701 0.166139
vt 0.736594 0.001387
vt 0.749695 0.000384
vt 0.242793 0.811482
vt 0.573185 0.859223
vt 0.573185 0.940168
vt 0.560170 0.861035
vt 0.536774 0.171995
vt 0.526873 0.169816
vt 0.523085 0.000004
vt 0.536774 0.005598
vt 0.520540 0.169099
vt 0.519377 0.008783
vt 0.646824 0.515462
vt 0.657052 0.514177
vt 0.657052 0.679558
vt 0.649547 0.674338
vt 0.851075 0.000485
vt 0.859841 0.000384
vt 0.859841 0.167391
vt 0.850194 0.160964
vt 0.641452 0.517685
vt 0.643333 0.682506
vt 0.936725 0.333899
vt 0.948849 0.259381
vt 0.948849 0.340049
vt 0.292066 0.842107
vt 0.292066 0.922373
vt 0.284202 0.837451
vt 0.175097 0.802895
vt 0.185363 0.885882
vt 0.169818 0.812001
vt 0.185363 0.808270
vt 0.736594 0.167579
vt 0.727587 0.167505
vt 0.723476 0.001151
vt 0.736594 0.000384
vt 0.278599 0.846054
vt 0.547030 0.939402
vt 0.556720 0.859223
vt 0.560170 0.939402
vt 0.483804 0.168996
vt 0.475441 0.168242
vt 0.471015 0.000000
vt 0.483804 0.004594
vt 0.468333 0.166994
vt 0.465866 0.007554
vt 0.528520 0.517899
vt 0.538851 0.516282
vt 0.538851 0.683391
vt 0.531263 0.678370
vt 0.845615 0.341905
vt 0.854365 0.341828
vt 0.854365 0.508920
vt 0.844704 0.502513
vt 0.523643 0.518832
vt 0.525333 0.685885
vt 0.923646 0.501893
vt 0.936598 0.427523
vt 0.936598 0.508484
vt 0.923603 0.597358
vt 0.923603 0.676645
vt 0.915704 0.592847
vt 0.190613 0.802895
vt 0.200886 0.885806
vt 0.185363 0.811932
vt 0.200886 0.808256
vt 0.790306 0.341836
vt 0.781875 0.341938
vt 0.777997 0.175911
vt 0.790306 0.174892
vt 0.910276 0.600736
vt 0.453984 0.951915
vt 0.463543 0.871626
vt 0.466334 0.951915
vt 0.699075 0.000384
vt 0.710206 0.002424
vt 0.710206 0.171980
vt 0.697009 0.165900
vt 0.624087 0.684122
vt 0.618082 0.683260
vt 0.616544 0.522570
vt 0.624087 0.514203
vt 0.542737 0.173703
vt 0.551197 0.172027
vt 0.547621 0.339107
vt 0.541475 0.334120
vt 0.609560 0.683294
vt 0.608763 0.516158
vt 0.877370 0.001551
vt 0.885575 0.000384
vt 0.885575 0.161063
vt 0.878413 0.168697
vt 0.929722 0.750604
vt 0.942606 0.677194
vt 0.942606 0.757624
vt 0.607514 0.853694
vt 0.613260 0.773824
vt 0.327818 0.802895
vt 0.336350 0.885937
vt 0.321400 0.812160
vt 0.336350 0.808259
vt 0.559177 0.172544
vt 0.559177 0.338984
vt 0.791641 0.557527
vt 0.791641 0.642390
vt 0.785031 0.565649
vt 0.595982 0.852926
vt 0.704763 0.511868
vt 0.714336 0.514193
vt 0.714336 0.684209
vt 0.700903 0.678316
vt 0.636633 0.171963
vt 0.632394 0.170564
vt 0.629899 0.010135
vt 0.636633 0.002009
vt 0.600101 0.173002
vt 0.609069 0.172027
vt 0.609069 0.338286
vt 0.602523 0.332810
vt 0.623456 0.170730
vt 0.620535 0.004212
vt 0.592829 0.174722
vt 0.595462 0.340609
vt 0.930416 0.835231
vt 0.943301 0.762104
vt 0.943301 0.842307
vt 0.871468 0.849092
vt 0.871468 0.929382
vt 0.864380 0.844345
vt 0.144124 0.802895
vt 0.154039 0.884654
vt 0.138247 0.811666
vt 0.154039 0.807834
vt 0.727615 0.677175
vt 0.718488 0.677138
vt 0.714336 0.512663
vt 0.727615 0.511868
vt 0.858185 0.852854
vt 0.700903 0.938741
vt 0.711634 0.858591
vt 0.714205 0.938741
vt 0.704652 0.172029
vt 0.714238 0.174475
vt 0.714238 0.344298
vt 0.700798 0.338351
vt 0.640961 0.514148
vt 0.636676 0.513367
vt 0.634201 0.352705
vt 0.640961 0.344217
vt 0.664618 0.172810
vt 0.673607 0.172058
vt 0.673607 0.337376
vt 0.667045 0.331767
vt 0.627738 0.513552
vt 0.624862 0.346445
vt 0.657363 0.174701
vt 0.659989 0.339577
vt 0.428370 0.945297
vt 0.441054 0.951614
vt 0.853235 0.849185
vt 0.853235 0.929287
vt 0.846117 0.844308
vt 0.005870 0.802895
vt 0.015792 0.885765
vt 0.000000 0.812027
vt 0.015792 0.808173
vt 0.699888 0.511746
vt 0.690758 0.511643
vt 0.686606 0.345396
vt 0.699888 0.344674
vt 0.839926 0.852826
vt 0.917114 0.842321
vt 0.927455 0.762104
vt 0.930416 0.842321
vt 0.505728 0.513288
vt 0.496557 0.512404
vt 0.492407 0.344217
vt 0.505728 0.349032
vt 0.489771 0.511009
vt 0.487919 0.351642
vt 0.564846 0.512511
vt 0.574820 0.510787
vt 0.574820 0.677849
vt 0.567512 0.672909
vt 0.524705 0.685955
vt 0.533356 0.685885
vt 0.523643 0.846617
vt 0.558808 0.513461
vt 0.560949 0.680462
vt 0.936598 0.501987
vt 0.948758 0.427523
vt 0.948758 0.508455
vt 0.836540 0.847100
vt 0.836540 0.926494
vt 0.828838 0.842804
vt 0.311098 0.802895
vt 0.321400 0.885762
vt 0.306031 0.811860
vt 0.321400 0.808275
vt 0.686606 0.511868
vt 0.677471 0.511753
vt 0.673317 0.345381
vt 0.686606 0.344674
vt 0.822941 0.850892
vt 0.733079 0.858360
vt 0.719882 0.860074
vt 0.754881 0.170085
vt 0.765921 0.172289
vt 0.765921 0.341938
vt 0.753645 0.335697
vt 0.687404 0.681614
vt 0.680250 0.680665
vt 0.679897 0.520063
vt 0.687404 0.511868
vt 0.538216 0.006588
vt 0.546373 0.004903
vt 0.542696 0.171995
vt 0.536774 0.167014
vt 0.673163 0.680461
vt 0.674690 0.513394
vt 0.863723 0.174313
vt 0.872066 0.173133
vt 0.872066 0.333815
vt 0.865088 0.341457
vt 0.765426 0.932282
vt 0.778660 0.858605
vt 0.778660 0.939084
vt 0.635942 0.853708
vt 0.641452 0.859145
vt 0.381556 0.441840
vt 0.374626 0.366876
vt 0.374691 0.518566
vt 0.381556 0.441840
vt 0.381556 0.525505
vt 0.554560 0.005403
vt 0.554560 0.171847
vt 0.128797 0.884665
vt 0.128797 0.969618
vt 0.122455 0.892846
vt 0.624103 0.852910
s 1
usemtl Material.002
f 94/1/1 14/2/2 4/3/3 38/4/4
f 109/5/5 110/6/6 187/7/7 168/8/8
f 3/9/9 29/10/10 137/11/11 104/12/12
f 2/13/13 34/14/4 153/15/14 102/16/15
f 4/17/3 14/18/2 123/19/16 106/20/17
f 1/21/18 9/22/19 108/23/20 100/24/21
f 119/25/5 101/26/6 152/27/7 247/28/8
f 112/29/5 113/30/6 207/31/7 188/32/8
f 115/33/5 116/34/6 227/35/7 208/31/8
f 118/36/5 120/37/6 250/38/7 228/39/8
f 246/40/5 264/41/6 124/42/7 125/43/8
f 263/44/5 164/45/6 105/46/7 122/47/8
f 226/48/5 243/47/6 127/46/7 128/49/8
f 206/50/5 223/51/6 130/52/7 131/53/8
f 186/54/5 203/55/6 133/56/7 135/42/8
f 29/10/10 30/57/10 140/58/11 137/11/11
f 18/59/2 3/60/9 104/61/12 136/62/16
f 17/63/2 18/59/2 136/62/16 132/64/16
f 16/65/2 17/63/2 132/64/16 129/66/16
f 15/67/2 16/65/2 129/66/16 126/68/16
f 14/18/2 15/67/2 126/68/16 123/19/16
f 29/69/10 3/70/9 18/71/2 74/72/1
f 74/72/1 18/71/2 17/73/2 79/74/1
f 79/74/1 17/73/2 16/75/2 84/76/1
f 84/76/1 16/75/2 15/77/2 89/78/1
f 89/78/1 15/77/2 14/2/2 94/1/1
f 12/79/19 93/80/1 98/81/1 13/82/19
f 93/80/1 92/83/1 97/84/1 98/81/1
f 92/83/1 91/85/1 96/86/1 97/84/1
f 91/85/1 90/87/1 95/88/1 96/86/1
f 90/87/1 89/78/1 94/1/1 95/88/1
f 11/89/19 88/90/1 93/80/1 12/79/19
f 88/90/1 87/91/1 92/83/1 93/80/1
f 87/91/1 86/92/1 91/85/1 92/83/1
f 86/92/1 85/93/1 90/87/1 91/85/1
f 85/93/1 84/76/1 89/78/1 90/87/1
f 10/94/19 83/95/1 88/90/1 11/89/19
f 83/95/1 82/96/1 87/91/1 88/90/1
f 82/96/1 81/97/1 86/92/1 87/91/1
f 81/97/1 80/98/1 85/93/1 86/92/1
f 80/98/1 79/74/1 84/76/1 85/93/1
f 9/99/19 78/100/1 83/95/1 10/94/19
f 78/100/1 77/101/1 82/96/1 83/95/1
f 77/101/1 76/102/1 81/97/1 82/96/1
f 76/102/1 75/103/1 80/98/1 81/97/1
f 75/103/1 74/72/1 79/74/1 80/98/1
f 1/104/18 33/105/10 78/100/1 9/99/19
f 33/105/10 32/106/10 77/101/1 78/100/1
f 32/106/10 31/107/10 76/102/1 77/101/1
f 31/107/10 30/108/10 75/103/1 76/102/1
f 30/108/10 29/69/10 74/72/1 75/103/1
f 12/109/19 13/110/19 121/111/20 117/112/20
f 233/113/5 253/114/6 258/115/7 236/116/8
f 237/117/5 257/39/6 262/118/7 240/119/8
f 241/29/5 261/120/6 265/121/7 245/30/8
f 72/122/22 71/123/23 73/124/24
f 11/125/19 12/109/19 117/112/20 114/126/20
f 213/127/5 234/128/6 235/129/7 216/130/8
f 217/131/5 238/132/6 239/133/7 220/134/8
f 221/39/5 242/135/6 244/136/7 225/118/8
f 229/137/5 249/138/6 254/139/7 232/140/8
f 10/141/19 11/125/19 114/126/20 111/142/20
f 193/143/5 214/144/6 215/145/7 196/49/8
f 197/146/5 218/147/6 219/148/7 200/149/8
f 201/150/5 222/55/6 224/151/7 205/127/8
f 209/152/5 230/153/6 231/45/7 212/154/8
f 9/22/19 10/141/19 111/142/20 108/23/20
f 173/155/5 194/156/6 195/157/7 176/158/8
f 177/153/5 198/144/6 199/46/7 180/45/8
f 181/159/5 202/160/6 204/161/7 185/162/8
f 189/163/5 210/164/6 211/7/7 192/165/8
f 33/166/10 1/167/18 100/168/21 151/169/11
f 248/170/5 154/171/6 155/172/7 251/173/8
f 32/174/10 33/166/10 151/169/11 146/175/11
f 31/176/10 32/174/10 146/175/11 143/177/11
f 30/57/10 31/176/10 143/177/11 140/58/11
f 38/178/4 4/179/3 106/180/17 166/181/14
f 142/182/5 182/183/6 184/161/7 138/184/8
f 145/185/5 178/186/6 179/187/7 141/188/8
f 148/189/5 174/190/6 175/191/7 144/156/8
f 150/192/5 170/193/6 171/132/7 147/194/8
f 139/188/5 183/25/6 134/28/7 103/185/8
f 252/195/5 157/196/6 158/197/7 255/198/8
f 256/199/5 160/200/6 161/201/7 259/130/8
f 260/202/5 163/203/6 165/204/7 266/205/8
f 169/206/5 190/207/6 191/172/7 172/208/8
f 13/110/19 2/209/13 102/210/15 121/111/20
f 34/14/4 35/211/4 156/212/14 153/15/14
f 35/211/4 36/213/4 159/214/14 156/212/14
f 36/213/4 37/215/4 162/216/14 159/214/14
f 37/215/4 38/178/4 166/181/14 162/216/14
f 13/82/19 98/81/1 34/217/4 2/218/13
f 98/81/1 97/84/1 35/219/4 34/217/4
f 97/84/1 96/86/1 36/220/4 35/219/4
f 96/86/1 95/88/1 37/221/4 36/220/4
f 95/88/1 94/1/1 38/4/4 37/221/4
f 224/222/7 222/223/6 330/224/25 336/225/26
f 190/226/6 169/227/5 281/228/27 298/229/25
f 127/230/7 243/231/6 355/232/25 55/233/28
f 221/234/5 225/235/8 337/236/29 333/237/27
f 205/238/8 224/239/7 336/240/26 317/241/29
f 246/242/5 125/243/8 54/244/30 354/245/27
f 219/246/7 218/247/6 326/248/25 331/249/26
f 223/250/6 206/251/5 314/252/27 335/253/25
f 130/254/7 223/255/6 335/256/25 52/257/28
f 217/258/5 220/259/8 332/260/29 329/261/27
f 200/262/8 219/263/7 331/264/26 312/265/29
f 226/266/5 128/267/8 51/268/30 334/269/27
f 215/270/7 214/271/6 322/272/25 327/273/26
f 222/274/6 201/275/5 313/276/27 330/277/25
f 133/278/7 203/279/6 315/280/25 49/281/28
f 213/282/5 216/283/8 328/284/29 325/285/27
f 196/286/8 215/287/7 327/288/26 308/289/29
f 206/290/5 131/291/8 48/292/30 314/293/27
f 211/294/7 210/295/6 318/296/25 323/297/26
f 218/298/6 197/299/5 309/300/27 326/301/25
f 134/302/7 183/303/6 295/304/25 45/305/28
f 209/306/5 212/307/8 324/308/29 321/309/27
f 192/310/8 211/311/7 323/312/26 304/313/29
f 186/314/5 135/315/8 44/316/30 294/317/27
f 207/318/7 113/319/6 66/320/22 319/321/26
f 214/322/6 193/323/5 305/324/27 322/325/25
f 135/326/8 133/327/7 49/328/28 44/329/30
f 115/330/5 208/331/8 320/332/29 67/333/24
f 188/334/8 207/335/7 319/336/26 300/337/29
f 132/338/16 136/339/16 46/340/31 47/341/31
f 204/342/7 202/343/6 310/344/25 316/345/26
f 210/346/6 189/347/5 301/348/27 318/349/25
f 131/350/8 130/351/7 52/352/28 48/353/30
f 201/354/5 205/355/8 317/356/29 313/357/27
f 225/358/8 244/359/7 356/360/26 337/361/29
f 129/362/16 132/338/16 47/341/31 50/363/31
f 199/364/7 198/365/6 306/366/25 311/367/26
f 243/368/6 226/369/5 334/370/27 355/371/25
f 128/372/8 127/373/7 55/374/28 51/375/30
f 197/376/5 200/377/8 312/378/29 309/379/27
f 220/380/8 239/381/7 351/382/26 332/383/29
f 126/384/16 129/362/16 50/363/31 53/385/31
f 195/386/7 194/387/6 302/388/25 307/389/26
f 242/390/6 221/391/5 333/392/27 350/393/25
f 125/394/8 124/395/7 58/396/28 54/397/30
f 193/398/5 196/399/8 308/400/29 305/401/27
f 216/402/8 235/403/7 347/404/26 328/405/29
f 123/406/16 126/384/16 53/385/31 56/407/31
f 191/408/7 190/409/6 298/410/25 303/411/26
f 238/412/6 217/413/5 329/414/27 346/415/25
f 122/416/8 105/417/7 383/418/32 57/419/30
f 189/420/5 192/421/8 304/422/29 301/423/27
f 212/424/8 231/425/7 343/426/26 324/427/29
f 106/428/17 123/406/16 56/407/31 382/429/33
f 187/430/7 110/431/6 69/432/22 299/433/26
f 234/434/6 213/435/5 325/436/27 342/437/25
f 120/438/6 118/439/5 64/440/24 59/441/22
f 112/442/5 188/443/8 300/444/29 70/445/24
f 208/446/8 227/447/7 339/448/26 320/449/29
f 117/450/20 121/451/20 61/452/23 62/453/23
f 184/454/7 182/455/6 290/456/25 296/457/26
f 230/458/6 209/459/5 321/460/27 338/461/25
f 116/462/6 115/463/5 67/464/24 63/465/22
f 181/466/5 185/467/8 297/468/29 293/469/27
f 245/470/8 265/471/7 377/472/26 357/473/29
f 114/474/20 117/450/20 62/453/23 65/475/23
f 179/476/7 178/477/6 286/478/25 291/479/26
f 264/480/6 246/481/5 354/482/27 376/483/25
f 113/484/6 112/485/5 70/486/24 66/487/22
f 266/488/8 165/489/7 277/490/34 374/491/29
f 177/492/5 180/493/8 292/494/29 289/495/27
f 240/496/8 262/497/7 370/498/26 352/499/29
f 111/500/20 114/474/20 65/475/23 68/501/23
f 164/502/6 263/503/5 375/504/27 276/505/35
f 175/506/7 174/507/6 282/508/25 287/509/26
f 261/510/6 241/511/5 353/512/27 373/513/25
f 110/514/6 109/515/5 73/516/24 69/517/22
f 259/518/8 161/519/7 273/520/34 371/521/29
f 173/522/5 176/523/8 288/524/29 285/525/27
f 236/306/8 258/526/7 366/527/26 348/528/29
f 108/529/20 111/500/20 68/501/23 71/530/23
f 163/531/6 260/532/5 372/533/27 272/534/35
f 171/535/7 170/536/6 278/537/25 283/538/26
f 257/539/6 237/540/5 349/541/27 369/542/25
f 107/543/6 99/544/5 379/545/36 72/546/22
f 255/547/8 158/548/7 270/549/34 367/550/29
f 169/551/5 172/552/8 284/553/29 281/554/27
f 232/555/8 254/556/7 362/557/26 344/558/29
f 100/559/21 108/529/20 71/530/23 378/560/37
f 160/561/6 256/562/5 368/563/27 269/564/35
f 167/565/7 107/566/6 72/567/22 279/498/26
f 253/568/6 233/569/5 345/570/27 365/571/25
f 103/572/8 134/573/7 45/574/28 385/575/38
f 251/576/8 155/577/7 267/578/34 363/579/29
f 109/580/5 168/581/8 280/582/29 73/583/24
f 228/584/8 250/585/7 358/586/26 340/587/29
f 157/588/6 252/589/5 364/590/27 5/591/35
f 165/592/7 163/593/6 272/594/35 277/595/34
f 249/596/6 229/597/5 341/598/27 361/599/25
f 136/339/16 104/600/12 384/601/39 46/340/31
f 247/602/8 152/603/7 7/604/34 359/605/29
f 162/606/14 166/607/14 275/608/40 274/609/40
f 265/610/7 261/611/6 373/612/25 377/613/26
f 105/614/7 164/615/6 276/616/35 383/617/32
f 154/618/6 248/619/5 360/620/27 8/621/35
f 161/622/7 160/623/6 269/624/35 273/625/34
f 260/626/5 266/627/8 374/628/29 372/629/27
f 138/630/8 184/631/7 296/632/26 41/633/41
f 159/634/14 162/606/14 274/609/40 271/635/40
f 262/636/7 257/637/6 369/638/25 370/639/26
f 166/607/14 106/640/17 382/641/33 275/608/40
f 183/642/6 139/643/5 43/644/42 295/645/25
f 158/646/7 157/647/6 5/648/35 270/649/34
f 256/650/5 259/651/8 371/652/29 368/653/27
f 101/654/6 119/655/5 60/656/24 381/657/43
f 141/658/8 179/659/7 291/660/26 28/661/41
f 156/662/14 159/634/14 271/635/40 268/663/40
f 258/664/7 253/665/6 365/666/25 366/667/26
f 182/668/6 142/669/5 40/670/42 290/671/25
f 155/672/7 154/673/6 8/674/35 267/675/34
f 252/676/5 255/677/8 367/678/29 364/679/27
f 121/451/20 102/680/15 380/681/44 61/452/23
f 144/682/8 175/683/7 287/684/26 25/685/41
f 153/686/14 156/662/14 268/663/40 6/687/40
f 254/688/7 249/689/6 361/690/25 362/691/26
f 99/692/5 149/693/8 20/694/41 379/695/36
f 178/696/6 145/697/5 27/698/42 286/699/25
f 152/700/7 101/701/6 381/702/43 7/703/34
f 248/704/5 251/705/8 363/706/29 360/707/27
f 99/708/5 107/709/6 167/710/7 149/711/8
f 69/712/22 68/713/23 70/714/24
f 66/715/22 65/716/23 67/717/24
f 63/718/22 62/719/23 64/720/24
f 60/721/24 59/722/22 61/723/23
f 57/724/30 56/725/31 58/726/28
f 54/727/30 53/728/31 55/729/28
f 51/730/30 50/731/31 52/732/28
f 48/733/30 47/734/31 49/735/28
f 45/736/28 44/737/30 46/738/31
f 42/739/45 41/740/41 43/741/42
f 39/742/45 28/743/41 40/744/42
f 26/745/45 25/746/41 27/747/42
f 23/748/45 22/749/41 24/750/42
f 20/751/41 19/752/42 21/753/45
f 7/754/34 6/755/40 8/756/35
f 267/757/34 268/758/40 5/759/35
f 270/760/34 271/761/40 269/762/35
f 273/763/34 274/764/40 272/765/35
f 276/766/35 277/767/34 275/768/40
f 279/769/26 280/770/29 281/771/27 278/772/25
f 283/773/26 284/774/29 285/775/27 282/776/25
f 287/777/26 288/778/29 289/779/27 286/780/25
f 291/781/26 292/782/29 293/783/27 290/784/25
f 295/785/25 296/786/26 297/787/29 294/788/27
f 299/789/26 300/790/29 301/791/27 298/792/25
f 303/793/26 304/794/29 305/795/27 302/796/25
f 307/797/26 308/798/29 309/799/27 306/800/25
f 311/801/26 312/802/29 313/803/27 310/804/25
f 315/805/25 316/806/26 317/807/29 314/808/27
f 319/809/26 320/810/29 321/811/27 318/812/25
f 323/813/26 324/814/29 325/815/27 322/816/25
f 327/817/26 328/818/29 329/819/27 326/820/25
f 331/821/26 332/822/29 333/823/27 330/824/25
f 335/825/25 336/826/26 337/827/29 334/828/27
f 339/829/26 340/830/29 341/831/27 338/832/25
f 343/833/26 344/834/29 345/835/27 342/836/25
f 347/837/26 348/838/29 349/839/27 346/840/25
f 351/841/26 352/842/29 353/843/27 350/844/25
f 355/845/25 356/846/26 357/847/29 354/848/27
f 359/849/29 360/850/27 361/851/25 358/852/26
f 363/853/29 364/854/27 365/855/25 362/856/26
f 367/857/29 368/858/27 369/859/25 366/860/26
f 371/861/29 372/862/27 373/863/25 370/864/26
f 375/865/27 376/866/25 377/867/26 374/868/29
f 21/753/45 378/869/37 379/870/36 20/751/41
f 61/723/23 380/871/44 381/872/43 60/721/24
f 275/768/40 382/873/33 383/874/32 276/766/35
f 46/738/31 384/875/39 385/876/38 45/736/28
f 378/869/37 71/123/23 72/122/22 379/870/36
f 71/123/23 68/713/23 69/712/22 73/124/24
f 68/713/23 65/716/23 66/715/22 70/714/24
f 65/716/23 62/719/23 63/718/22 67/717/24
f 62/719/23 61/723/23 59/722/22 64/720/24
f 382/873/33 56/725/31 57/724/30 383/874/32
f 56/725/31 53/728/31 54/727/30 58/726/28
f 53/728/31 50/731/31 51/730/30 55/729/28
f 50/731/31 47/734/31 48/733/30 52/732/28
f 47/734/31 46/738/31 44/737/30 49/735/28
f 294/788/27 44/737/30 45/736/28 295/785/25
f 314/808/27 48/733/30 49/735/28 315/805/25
f 334/828/27 51/730/30 52/732/28 335/825/25
f 354/848/27 54/727/30 55/729/28 355/845/25
f 375/865/27 57/724/30 58/726/28 376/866/25
f 384/875/39 42/739/45 43/741/42 385/876/38
f 42/739/45 39/742/45 40/744/42 41/740/41
f 39/742/45 26/745/45 27/747/42 28/743/41
f 26/745/45 23/748/45 24/750/42 25/746/41
f 23/748/45 21/753/45 19/752/42 22/749/41
f 380/871/44 6/755/40 7/754/34 381/872/43
f 6/755/40 268/758/40 267/757/34 8/756/35
f 268/758/40 271/761/40 270/760/34 5/759/35
f 271/761/40 274/764/40 273/763/34 269/762/35
f 274/764/40 275/768/40 277/767/34 272/765/35
f 73/124/24 280/770/29 279/769/26 72/122/22
f 281/771/27 284/774/29 283/773/26 278/772/25
f 285/775/27 288/778/29 287/777/26 282/776/25
f 289/779/27 292/782/29 291/781/26 286/780/25
f 293/783/27 297/787/29 296/786/26 290/784/25
f 70/714/24 300/790/29 299/789/26 69/712/22
f 301/791/27 304/794/29 303/793/26 298/792/25
f 305/795/27 308/798/29 307/797/26 302/796/25
f 309/799/27 312/802/29 311/801/26 306/800/25
f 313/803/27 317/807/29 316/806/26 310/804/25
f 67/717/24 320/810/29 319/809/26 66/715/22
f 321/811/27 324/814/29 323/813/26 318/812/25
f 325/815/27 328/818/29 327/817/26 322/816/25
f 329/819/27 332/822/29 331/821/26 326/820/25
f 333/823/27 337/827/29 336/826/26 330/824/25
f 64/720/24 340/830/29 339/829/26 63/718/22
f 341/831/27 344/834/29 343/833/26 338/832/25
f 345/835/27 348/838/29 347/837/26 342/836/25
f 349/839/27 352/842/29 351/841/26 346/840/25
f 353/843/27 357/847/29 356/846/26 350/844/25
f 60/721/24 359/849/29 358/852/26 59/722/22
f 360/850/27 363/853/29 362/856/26 361/851/25
f 364/854/27 367/857/29 366/860/26 365/855/25
f 368/858/27 371/861/29 370/864/26 369/859/25
f 372/862/27 374/868/29 377/867/26 373/863/25
f 361/851/25 341/831/27 340/830/29 358/852/26
f 365/855/25 345/835/27 344/834/29 362/856/26
f 369/859/25 349/839/27 348/838/29 366/860/26
f 373/863/25 353/843/27 352/842/29 370/864/26
f 376/866/25 354/848/27 357/847/29 377/867/26
f 338/832/25 321/811/27 320/810/29 339/829/26
f 342/836/25 325/815/27 324/814/29 343/833/26
f 346/840/25 329/819/27 328/818/29 347/837/26
f 350/844/25 333/823/27 332/822/29 351/841/26
f 355/845/25 334/828/27 337/827/29 356/846/26
f 318/812/25 301/791/27 300/790/29 319/809/26
f 322/816/25 305/795/27 304/794/29 323/813/26
f 326/820/25 309/799/27 308/798/29 327/817/26
f 330/824/25 313/803/27 312/802/29 331/821/26
f 335/825/25 314/808/27 317/807/29 336/826/26
f 298/792/25 281/771/27 280/770/29 299/789/26
f 302/796/25 285/775/27 284/774/29 303/793/26
f 306/800/25 289/779/27 288/778/29 307/797/26
f 310/804/25 293/783/27 292/782/29 311/801/26
f 315/805/25 294/788/27 297/787/29 316/806/26
f 278/772/25 19/752/42 20/751/41 279/769/26
f 282/776/25 24/750/42 22/749/41 283/773/26
f 286/780/25 27/747/42 25/746/41 287/777/26
f 290/784/25 40/744/42 28/743/41 291/781/26
f 295/785/25 43/741/42 41/740/41 296/786/26
f 8/756/35 360/850/27 359/849/29 7/754/34
f 5/759/35 364/854/27 363/853/29 267/757/34
f 269/762/35 368/858/27 367/857/29 270/760/34
f 272/765/35 372/862/27 371/861/29 273/763/34
f 276/766/35 375/865/27 374/868/29 277/767/34
f 263/877/5 122/878/8 57/879/30 375/880/27
f 168/881/8 187/882/7 299/883/26 280/884/29
f 118/885/5 228/886/8 340/887/29 64/888/24
f 124/889/7 264/890/6 376/891/25 58/892/28
f 194/893/6 173/894/5 285/895/27 302/896/25
f 227/897/7 116/898/6 63/899/22 339/900/26
f 104/901/12 137/902/11 42/903/45 384/904/39
f 172/905/8 191/906/7 303/907/26 284/908/29
f 229/909/5 232/910/8 344/911/29 341/912/27
f 139/913/5 103/914/8 385/915/38 43/916/42
f 198/917/6 177/918/5 289/919/27 306/920/25
f 231/921/7 230/922/6 338/923/25 343/924/26
f 137/902/11 140/925/11 39/926/45 42/903/45
f 176/927/8 195/928/7 307/922/26 288/929/29
f 233/930/5 236/931/8 348/932/29 345/933/27
f 142/934/5 138/935/8 41/936/41 40/937/42
f 202/938/6 181/939/5 293/940/27 310/941/25
f 235/942/7 234/943/6 342/944/25 347/945/26
f 140/925/11 143/946/11 26/947/45 39/926/45
f 180/948/8 199/949/7 311/950/26 292/951/29
f 237/952/5 240/953/8 352/954/29 349/955/27
f 145/956/5 141/957/8 28/958/41 27/959/42
f 203/960/6 186/961/5 294/962/27 315/963/25
f 239/964/7 238/965/6 346/966/25 351/967/26
f 143/946/11 146/968/11 23/969/45 26/947/45
f 185/970/8 204/971/7 316/972/26 297/973/29
f 241/974/5 245/975/8 357/976/29 353/977/27
f 148/978/5 144/979/8 25/551/41 24/980/42
f 170/981/6 150/982/5 19/983/42 278/984/25
f 244/985/7 242/986/6 350/987/25 356/988/26
f 146/968/11 151/989/11 21/990/45 23/969/45
f 149/991/8 167/992/7 279/993/26 20/994/41
f 119/995/5 247/996/8 359/997/29 60/998/24
f 150/999/5 147/1000/8 22/1001/41 19/1002/42
f 174/1003/6 148/1004/5 24/1005/42 282/1006/25
f 151/989/11 100/1007/21 378/1008/37 21/990/45
f 250/1009/7 120/1010/6 59/1011/22 358/1012/26
f 102/1013/15 153/686/14 6/687/40 380/1014/44
f 147/1015/8 171/1016/7 283/1017/26 22/1018/41
f 397/1019/46 395/1020/47 390/1021/48 387/1022/49
f 395/1023/47 394/1024/50 389/1025/51 390/1026/48
f 396/1027/52 398/1028/53 388/1029/54 386/1030/55
f 394/1024/50 393/1031/56 391/1032/57 389/1025/51
f 393/1033/56 396/1034/52 386/1035/55 391/1036/57
f 403/1037/58 405/1038/59 400/1039/60
f 388/1040/54 392/1041/61 386/1042/55
f 389/1043/51 392/1044/61 390/1045/48
f 391/1046/57 392/1023/61 389/1047/51
f 398/1028/53 397/1048/46 387/1049/49 388/1029/54
f 386/1050/55 392/1051/61 391/1052/57
f 387/1053/49 392/1041/61 388/1040/54
f 410/1054/62 408/1055/63 403/1056/58 400/1057/60
f 408/1058/63 407/1059/64 402/1060/65 403/1061/58
f 409/1062/66 411/1063/67 401/1064/68 399/1065/69
f 407/1059/64 406/1066/70 404/1067/71 402/1060/65
f 406/1068/70 409/1069/66 399/1070/69 404/1071/71
f 416/1072/72 418/1073/73 413/1074/74
f 401/1075/68 405/1076/59 399/1077/69
f 402/1078/65 405/1079/59 403/1080/58
f 404/1081/71 405/1082/59 402/1083/65
f 411/1063/67 410/1084/62 400/1085/60 401/1064/68
f 399/1086/69 405/1087/59 404/1088/71
f 400/1089/60 405/1076/59 401/1075/68
f 423/1090/75 421/1091/76 416/1092/72 413/1093/74
f 421/1094/76 420/1095/77 415/1096/78 416/1097/72
f 422/1098/79 424/1099/80 414/1100/81 412/1101/82
f 420/1095/77 419/1102/83 417/1103/84 415/1096/78
f 419/1104/83 422/1105/79 412/1106/82 417/1107/84
f 429/1108/85 431/1109/86 426/1110/87
f 414/1111/81 418/1112/73 412/1113/82
f 415/1114/78 418/1115/73 416/1116/72
f 417/1117/84 418/1115/73 415/1114/78
f 424/1099/80 423/1118/75 413/1119/74 414/1100/81
f 412/1113/82 418/1112/73 417/1120/84
f 413/1121/74 418/1122/73 414/1123/81
f 436/1124/88 434/1125/89 429/1126/85 426/1127/87
f 434/1125/89 433/1128/90 428/1129/91 429/1126/85
f 435/1130/92 437/1131/93 427/1132/94 425/1133/95
f 433/1134/90 432/1135/96 430/1136/97 428/1137/91
f 432/1138/96 435/1139/92 425/1140/95 430/1141/97
f 442/1142/98 444/1143/99 439/1144/100
f 427/1145/94 431/1146/86 425/1147/95
f 428/1148/91 431/1149/86 429/1150/85
f 430/1151/97 431/1149/86 428/1148/91
f 437/1152/93 436/1153/88 426/1154/87 427/1155/94
f 425/1147/95 431/1146/86 430/1156/97
f 426/1157/87 431/1158/86 427/1159/94
f 449/1160/101 447/1161/102 442/1162/98 439/1163/100
f 447/1164/102 446/1165/103 441/1166/104 442/1167/98
f 448/1168/105 450/1169/106 440/1170/107 438/1171/108
f 446/1172/103 445/1173/109 443/1174/110 441/1175/104
f 445/1176/109 448/1177/105 438/1178/108 443/1179/110
f 455/1180/111 457/1181/112 452/1182/113
f 440/1183/107 444/1184/99 438/1185/108
f 441/1186/104 444/895/99 442/1187/98
f 443/1188/110 444/1189/99 441/1190/104
f 450/1191/106 449/1160/101 439/1163/100 440/1192/107
f 438/1185/108 444/1184/99 443/1193/110
f 439/1144/100 444/1143/99 440/1194/107
f 462/1195/114 460/1196/115 455/1097/111 452/1197/113
f 460/1198/115 459/1199/116 454/1200/117 455/1201/111
f 461/1202/118 463/1203/119 453/1204/120 451/1205/121
f 459/1206/116 458/1207/122 456/1208/123 454/1209/117
f 458/1210/122 461/1211/118 451/1212/121 456/1213/123
f 468/1214/124 470/1215/125 465/1216/126
f 453/1217/120 457/1218/112 451/1219/121
f 454/1220/117 457/1221/112 455/1222/111
f 456/1223/123 457/1224/112 454/1225/117
f 463/1226/119 462/1195/114 452/1197/113 453/1227/120
f 451/1219/121 457/1218/112 456/1228/123
f 452/1182/113 457/1181/112 453/1229/120
f 475/1230/127 473/1231/128 468/1232/124 465/1233/126
f 473/1234/128 472/1235/129 467/1236/130 468/1237/124
f 474/1238/131 476/1239/132 466/1240/133 464/1241/134
f 472/1242/129 471/1243/135 469/1244/136 467/1245/130
f 471/1246/135 474/1247/131 464/1248/134 469/1249/136
f 481/1250/137 483/1251/138 478/1252/139
f 466/1253/133 470/1254/125 464/1255/134
f 467/1256/130 470/1257/125 468/1258/124
f 469/1259/136 470/1260/125 467/1261/130
f 476/1262/132 475/1230/127 465/1233/126 466/1263/133
f 464/1264/134 470/1265/125 469/1266/136
f 465/1216/126 470/1215/125 466/1267/133
f 488/1268/140 486/1269/141 481/1270/137 478/1271/139
f 486/1272/141 485/1273/142 480/1274/143 481/1275/137
f 487/1276/144 489/1277/145 479/1278/146 477/1279/147
f 485/1273/142 484/1280/148 482/1281/149 480/1274/143
f 484/1282/148 487/1276/144 477/1279/147 482/1283/149
f 494/1284/150 496/1285/151 491/1286/152
f 479/1287/146 483/1288/138 477/1289/147
f 480/1290/143 483/1291/138 481/1292/137
f 482/1293/149 483/1291/138 480/1290/143
f 489/1294/145 488/1295/140 478/1296/139 479/1297/146
f 477/1289/147 483/1288/138 482/1298/149
f 478/1299/139 483/1300/138 479/1301/146
f 501/1026/153 499/1302/154 494/1303/150 491/1304/152
f 499/1302/154 498/1305/155 493/1306/156 494/1303/150
f 500/1307/157 502/1308/158 492/1309/159 490/1310/160
f 498/1311/155 497/1312/161 495/1313/162 493/1314/156
f 497/1315/161 500/1316/157 490/1317/160 495/1318/162
f 507/1319/163 509/1320/164 504/1321/165
f 492/1322/159 496/368/151 490/1323/160
f 493/1324/156 496/1325/151 494/1326/150
f 495/1327/162 496/1325/151 493/1324/156
f 502/1328/158 501/1329/153 491/1330/152 492/1331/159
f 490/1323/160 496/368/151 495/1332/162
f 491/1333/152 496/1334/151 492/1335/159
f 514/1336/166 512/1337/167 507/1338/163 504/1339/165
f 512/1337/167 511/1340/168 506/1341/169 507/1338/163
f 513/1342/170 515/1343/171 505/1344/172 503/1345/173
f 511/1346/168 510/1347/174 508/1348/175 506/1349/169
f 510/1350/174 513/1351/170 503/1352/173 508/1353/175
f 520/1354/176 522/1355/177 517/1356/178
f 505/1357/172 509/1358/164 503/1359/173
f 506/1360/169 509/1361/164 507/1362/163
f 508/1363/175 509/1361/164 506/1360/169
f 515/1364/171 514/1365/166 504/1366/165 505/1367/172
f 503/1359/173 509/1358/164 508/1368/175
f 504/1369/165 509/1370/164 505/1371/172
f 527/1372/179 525/1373/180 520/1374/176 517/1375/178
f 525/1376/180 524/1377/181 519/1378/182 520/1379/176
f 526/1380/183 528/1381/184 518/1382/185 516/1383/186
f 524/1384/181 523/1385/187 521/1386/188 519/1387/182
f 523/1388/187 526/1389/183 516/1390/186 521/1391/188
f 533/1392/189 535/1393/190 530/584/191
f 518/1394/185 522/1395/177 516/1396/186
f 519/1397/182 522/1355/177 520/1354/176
f 521/1398/188 522/1399/177 519/1400/182
f 528/1401/184 527/1372/179 517/1375/178 518/1402/185
f 516/1396/186 522/1395/177 521/1403/188
f 517/1404/178 522/1405/177 518/1406/185
f 540/1407/192 538/1408/193 533/1409/189 530/1410/191
f 538/1411/193 537/1412/194 532/1413/195 533/1414/189
f 539/1415/196 541/1416/197 531/1417/198 529/1418/199
f 537/1412/194 536/1419/200 534/1420/201 532/1413/195
f 536/1421/200 539/1415/196 529/1418/199 534/1422/201
f 546/1423/202 548/1424/203 543/1425/204
f 531/1426/198 535/1427/190 529/1428/199
f 532/1429/195 535/1430/190 533/1431/189
f 534/1432/201 535/1430/190 532/1429/195
f 541/1433/197 540/1434/192 530/1435/191 531/1436/198
f 529/1428/199 535/1427/190 534/1437/201
f 530/1438/191 535/1439/190 531/1440/198
f 553/1441/205 551/1442/206 546/1443/202 543/1444/204
f 551/1442/206 550/1445/207 545/1446/208 546/1443/202
f 552/1447/209 554/1448/210 544/1449/211 542/1450/212
f 550/1451/207 549/1452/213 547/1453/214 545/1454/208
f 549/1455/213 552/1456/209 542/1457/212 547/1458/214
f 559/1459/215 561/1460/216 556/1461/217
f 544/1462/211 548/1463/203 542/1464/212
f 545/208/208 548/1424/203 546/1423/202
f 547/1465/214 548/1466/203 545/1467/208
f 554/1468/210 553/1469/205 543/1470/204 544/1471/211
f 542/1464/212 548/1463/203 547/1472/214
f 543/1473/204 548/1474/203 544/1475/211
f 566/1476/218 564/1477/219 559/1478/215 556/1479/217
f 564/1477/219 563/1480/220 558/1481/221 559/1478/215
f 565/1482/222 567/1483/223 557/1484/224 555/1485/225
f 563/1486/220 562/1487/226 560/1488/227 558/1489/221
f 562/1490/226 565/1491/222 555/1492/225 560/1493/227
f 572/1494/228 574/1495/229 569/1496/230
f 557/1497/224 561/502/216 555/1498/225
f 558/1499/221 561/1460/216 559/1459/215
f 560/1500/227 561/1501/216 558/1502/221
f 567/1503/223 566/1504/218 556/1505/217 557/1506/224
f 555/1498/225 561/502/216 560/1507/227
f 556/1508/217 561/1509/216 557/1510/224
f 579/1511/231 577/1512/232 572/1513/228 569/1514/230
f 577/1515/232 576/1516/233 571/1517/234 572/1518/228
f 578/1519/235 580/1520/236 570/1521/237 568/1522/238
f 576/1523/233 575/1524/239 573/1525/240 571/1526/234
f 575/1527/239 578/1528/235 568/1529/238 573/1530/240
f 585/1531/241 587/1532/242 582/1533/243
f 570/1534/237 574/1535/229 568/1536/238
f 571/162/234 574/1495/229 572/1494/228
f 573/1537/240 574/1538/229 571/1539/234
f 580/1540/236 579/1511/231 569/1514/230 570/1541/237
f 568/1536/238 574/1535/229 573/1542/240
f 569/1543/230 574/1544/229 570/1545/237
f 592/1546/244 590/1547/245 585/182/241 582/1548/243
f 590/1549/245 589/1550/246 584/1551/247 585/1552/241
f 591/1553/248 593/1554/249 583/1555/250 581/1556/251
f 589/1550/246 588/1557/252 586/1558/253 584/1551/247
f 588/1559/252 591/1553/248 581/1556/251 586/1560/253
f 598/1561/254 600/1562/255 595/1563/256
f 583/1564/250 587/1565/242 581/1566/251
f 584/1567/247 587/1568/242 585/1569/241
f 586/1570/253 587/1568/242 584/1567/247
f 593/1571/249 592/1572/244 582/1573/243 583/1574/250
f 581/1566/251 587/1565/242 586/1575/253
f 582/1576/243 587/1577/242 583/1578/250
f 605/1579/257 603/1580/258 598/1581/254 595/1582/256
f 603/1583/258 602/1584/259 597/1585/260 598/1586/254
f 604/1587/261 606/1588/262 596/1589/263 594/1590/264
f 602/1584/259 601/1591/265 599/1592/266 597/1585/260
f 601/1593/265 604/1587/261 594/1590/264 599/1594/266
f 611/1595/267 613/1596/268 608/1597/269
f 596/1598/263 600/1599/255 594/1600/264
f 597/1601/260 600/1602/255 598/1603/254
f 599/1604/266 600/1602/255 597/1601/260
f 606/1605/262 605/1606/257 595/1607/256 596/120/263
f 594/1600/264 600/1599/255 599/1608/266
f 595/1609/256 600/1610/255 596/1611/263
f 618/1612/270 616/1613/271 611/1614/267 608/1615/269
f 616/1616/271 615/1617/272 610/1618/273 611/1619/267
f 617/1620/274 619/1621/275 609/1622/276 607/1623/277
f 615/1617/272 614/1624/278 612/1625/279 610/1618/273
f 614/1626/278 617/1620/274 607/1623/277 612/1627/279
f 624/1628/280 626/1184/281 621/524/282
f 609/1629/276 613/1630/268 607/1631/277
f 610/1632/273 613/1633/268 611/1634/267
f 612/1635/279 613/1633/268 610/1632/273
f 619/1636/275 618/1637/270 608/1638/269 609/1639/276
f 607/1631/277 613/1630/268 612/1640/279
f 608/1641/269 613/1642/268 609/1643/276
f 631/1644/283 629/1645/284 624/1646/280 621/1647/282
f 629/1645/284 628/1648/285 623/1649/286 624/1646/280
f 630/1650/287 632/1651/288 622/1652/289 620/1653/290
f 628/1654/285 627/1655/291 625/1656/292 623/1657/286
f 627/1658/291 630/1650/287 620/1653/290 625/1659/292
f 637/1660/293 639/1661/294 634/1662/295
f 622/1663/289 626/1664/281 620/1665/290
f 623/1666/286 626/1667/281 624/1668/280
f 625/1669/292 626/1667/281 623/1666/286
f 632/1670/288 631/1671/283 621/1672/282 622/26/289
f 620/1665/290 626/1664/281 625/1673/292
f 621/1674/282 626/1675/281 622/1676/289
f 644/1677/296 642/1678/297 637/1679/293 634/1680/295
f 642/1681/297 641/1682/298 636/1683/299 637/1684/293
f 643/1685/300 645/1686/301 635/1687/302 633/1688/303
f 641/1682/298 640/1689/304 638/1690/305 636/1683/299
f 640/1691/304 643/1692/300 633/1693/303 638/1694/305
f 663/1695/306 665/1696/307 660/1697/308
f 635/1698/302 639/1699/294 633/1700/303
f 636/1701/299 639/1702/294 637/1703/293
f 638/1704/305 639/1702/294 636/1701/299
f 645/1686/301 644/1705/296 634/1706/295 635/1687/302
f 633/1707/303 639/1708/294 638/1709/305
f 634/1710/295 639/1699/294 635/1698/302
f 657/1711/309 655/1712/310 650/1713/311 647/1714/312
f 655/1715/310 654/1716/313 649/1717/314 650/1718/311
f 656/1719/315 658/1720/316 648/1721/317 646/1722/318
f 654/1716/313 653/1723/319 651/1724/320 649/1717/314
f 653/1725/319 656/1719/315 646/1722/318 651/1726/320
f 648/1727/317 652/1728/321 646/1729/318
f 649/1730/314 652/1731/321 650/1732/311
f 651/1733/320 652/1731/321 649/1730/314
f 658/1734/316 657/1735/309 647/1736/312 648/1737/317
f 646/1729/318 652/1728/321 651/1738/320
f 647/1739/312 652/1740/321 648/1741/317
f 670/1742/322 668/1743/323 663/1744/306 660/1745/308
f 668/1746/323 667/1747/324 662/1748/325 663/1749/306
f 669/1750/326 671/1751/327 661/1752/328 659/1753/329
f 667/1747/324 666/1754/330 664/1755/331 662/1748/325
f 666/1756/330 669/1750/326 659/1753/329 664/1757/331
f 676/1758/332 678/1759/333 673/1760/334
f 661/1761/328 665/1762/307 659/1763/329
f 662/1764/325 665/1765/307 663/1766/306
f 664/1767/331 665/1765/307 662/1764/325
f 671/1768/327 670/1769/322 660/1770/308 661/1771/328
f 659/1763/329 665/1762/307 664/1772/331
f 660/1773/308 665/1774/307 661/1775/328
f 683/1776/335 681/1777/336 676/1778/332 673/1779/334
f 681/1780/336 680/1781/337 675/1782/338 676/1783/332
f 682/1784/339 684/1785/340 674/1786/341 672/1787/342
f 680/1781/337 679/1788/343 677/1789/344 675/1782/338
f 679/1790/343 682/1784/339 672/1787/342 677/1791/344
f 689/1792/345 691/1793/346 686/1794/347
f 674/1795/341 678/1796/333 672/1797/342
f 675/1798/338 678/1799/333 676/1800/332
f 677/1801/344 678/1799/333 675/1798/338
f 684/1802/340 683/1803/335 673/1804/334 674/1805/341
f 672/1797/342 678/1796/333 677/1806/344
f 673/1807/334 678/1808/333 674/1809/341
f 696/1810/348 694/1811/349 689/1812/345 686/1813/347
f 694/1814/349 693/1815/350 688/1816/351 689/1817/345
f 695/1818/352 697/1819/353 687/1820/354 685/1821/355
f 693/1822/350 692/1823/356 690/1824/357 688/1825/351
f 692/1826/356 695/1827/352 685/1828/355 690/1829/357
f 702/1830/358 704/1831/359 699/1832/360
f 687/1833/354 691/165/346 685/1834/355
f 688/1405/351 691/1835/346 689/1836/345
f 690/1837/357 691/1838/346 688/1839/351
f 697/1819/353 696/1840/348 686/1841/347 687/1820/354
f 685/1842/355 691/1843/346 690/1844/357
f 686/1845/347 691/165/346 687/1833/354
f 709/1846/361 707/1847/362 702/1848/358 699/1849/360
f 707/1850/362 706/1851/363 701/1852/364 702/1853/358
f 708/1854/365 710/1855/366 700/1856/367 698/1857/368
f 706/1858/363 705/1859/369 703/1860/370 701/1861/364
f 705/1862/369 708/1863/365 698/1864/368 703/1865/370
f 715/1866/371 717/1807/372 712/1867/373
f 700/1868/367 704/1869/359 698/1870/368
f 701/137/364 704/1831/359 702/1830/358
f 703/1871/370 704/1872/359 701/1873/364
f 710/1874/366 709/1846/361 699/1849/360 700/1875/367
f 698/1870/368 704/1869/359 703/1876/370
f 699/1877/360 704/1878/359 700/1879/367
f 722/1880/374 720/1881/375 715/1882/371 712/1883/373
f 720/1884/375 719/1885/376 714/1886/377 715/1887/371
f 721/1888/378 723/1889/379 713/1890/380 711/1891/381
f 719/1892/376 718/1893/382 716/1894/383 714/1895/377
f 718/1896/382 721/1897/378 711/1898/381 716/1899/383
f 728/1900/384 730/1901/385 725/1902/386
f 713/1903/380 717/1904/372 711/1905/381
f 714/140/377 717/1807/372 715/1866/371
f 716/1906/383 717/1110/372 714/1907/377
f 723/1908/379 722/1880/374 712/1883/373 713/1909/380
f 711/1905/381 717/1904/372 716/1910/383
f 712/1911/373 717/1912/372 713/1913/380
f 735/1914/387 733/1915/388 728/1916/384 725/1917/386
f 733/1918/388 732/1919/389 727/1920/390 728/1921/384
f 734/1922/391 736/1923/392 726/1924/393 724/1925/394
f 732/1926/389 731/1927/395 729/1928/396 727/1929/390
f 731/1930/395 734/1931/391 724/1932/394 729/1933/396
f 741/1934/397 743/1935/398 738/1936/399
f 726/1937/393 730/1938/385 724/1939/394
f 727/1940/390 730/1941/385 728/1942/384
f 729/1943/396 730/1944/385 727/1945/390
f 736/1946/392 735/1914/387 725/1917/386 726/1947/393
f 724/1939/394 730/1938/385 729/1948/396
f 725/1902/386 730/1901/385 726/1949/393
f 748/1950/400 746/1951/401 741/1952/397 738/1953/399
f 390/1954/48 392/1955/61 387/1956/49
f 746/1957/401 745/1958/402 740/1959/403 741/1960/397
f 747/1961/404 749/1962/405 739/1963/406 737/1964/407
f 745/1958/402 744/1965/408 742/1966/409 740/1959/403
f 744/1967/408 747/1961/404 737/1964/407 742/1968/409
f 754/1969/410 756/1970/411 751/1971/412
f 739/1972/406 743/1973/398 737/1974/407
f 740/1975/403 743/1976/398 741/1977/397
f 742/1978/409 743/1976/398 740/1975/403
f 749/1979/405 748/1980/400 738/1981/399 739/1982/406
f 737/1974/407 743/1973/398 742/1983/409
f 738/1984/399 743/1985/398 739/1986/406
f 761/1987/413 759/1988/414 754/1989/410 751/1990/412
f 759/1988/414 758/1991/415 753/1992/416 754/1989/410
f 760/1993/417 762/1994/418 752/1995/419 750/1996/420
f 758/1997/415 757/1998/421 755/1999/422 753/2000/416
f 757/2001/421 760/1993/417 750/1996/420 755/2002/422
f 767/2003/423 769/2004/424 764/2005/425
f 752/2006/419 756/2007/411 750/2008/420
f 753/2009/416 756/2010/411 754/2011/410
f 755/2012/422 756/2010/411 753/2009/416
f 762/2013/418 761/2014/413 751/2015/412 752/2016/419
f 750/2008/420 756/2007/411 755/2017/422
f 751/2018/412 756/2019/411 752/2020/419
f 774/2021/426 772/2022/427 767/2023/423 764/2024/425
f 772/2022/427 771/2025/428 766/2026/429 767/2023/423
f 773/2027/430 775/2028/431 765/2029/432 763/2030/433
f 771/2031/428 770/2032/434 768/2033/435 766/2034/429
f 770/2035/434 773/2027/430 763/2030/433 768/2036/435
f 780/2037/436 782/2038/437 777/2039/438
f 765/2040/432 769/2041/424 763/2042/433
f 766/2043/429 769/2044/424 767/2045/423
f 768/2046/435 769/2044/424 766/2043/429
f 775/2047/431 774/2048/426 764/2049/425 765/2050/432
f 763/2042/433 769/2041/424 768/2051/435
f 764/2052/425 769/2053/424 765/2054/432
f 787/2055/439 785/2056/440 780/2057/436 777/2058/438
f 785/2056/440 784/2059/441 779/2060/442 780/2057/436
f 786/2061/443 788/2062/444 778/2063/445 776/2064/446
f 784/2065/441 783/2066/447 781/2067/448 779/2068/442
f 783/2069/447 786/2061/443 776/2064/446 781/2070/448
f 793/2071/449 795/2072/450 790/2073/451
f 778/2074/445 782/2075/437 776/2076/446
f 779/2077/442 782/2078/437 780/2079/436
f 781/2080/448 782/2078/437 779/2077/442
f 788/2081/444 787/2082/439 777/2083/438 778/2084/445
f 776/2076/446 782/2075/437 781/2085/448
f 777/2086/438 782/2087/437 778/2088/445
f 800/2089/452 798/2090/453 793/2091/449 790/2092/451
f 798/2093/453 797/2094/454 792/2095/455 793/2096/449
f 799/2097/456 801/2098/457 791/2099/458 789/2100/459
f 797/2094/454 796/2101/460 794/2102/461 792/2095/455
f 796/2103/460 799/2104/456 789/2105/459 794/2106/461
f 806/2107/462 808/2108/463 803/2109/464
f 791/2110/458 795/2111/450 789/1251/459
f 792/2112/455 795/2113/450 793/2114/449
f 794/2115/461 795/2113/450 792/2112/455
f 801/2098/457 800/2116/452 790/2117/451 791/2099/458
f 789/2118/459 795/2119/450 794/2120/461
f 790/2121/451 795/2111/450 791/2110/458
f 813/2122/465 811/2123/466 806/2124/462 803/2125/464
f 811/2126/466 810/2127/467 805/2128/468 806/2129/462
f 812/2130/469 814/2131/470 804/2132/471 802/2133/472
f 810/2127/467 809/2134/473 807/2135/474 805/2128/468
f 809/2136/473 812/2130/469 802/2133/472 807/2137/474
f 819/2138/475 821/2139/476 816/2140/477
f 804/2141/471 808/2142/463 802/2143/472
f 805/2144/468 808/2145/463 806/2146/462
f 807/2147/474 808/2145/463 805/2144/468
f 814/2148/470 813/2149/465 803/2150/464 804/2151/471
f 802/2143/472 808/2142/463 807/2152/474
f 803/2153/464 808/2154/463 804/2155/471
f 826/2156/478 824/2157/479 819/2158/475 816/2159/477
f 824/2160/479 823/2161/480 818/2162/481 819/2163/475
f 825/2164/482 827/2165/483 817/2166/484 815/2167/485
f 823/2161/480 822/2168/486 820/2169/487 818/2162/481
f 822/2170/486 825/2164/482 815/2167/485 820/2171/487
f 832/2172/488 834/1765/489 829/2173/490
f 817/2174/484 821/2175/476 815/2176/485
f 818/2177/481 821/2178/476 819/2179/475
f 820/2180/487 821/2178/476 818/2177/481
f 827/2181/483 826/2182/478 816/2183/477 817/2184/484
f 815/2176/485 821/2175/476 820/2185/487
f 816/2186/477 821/2187/476 817/2188/484
f 839/2189/491 837/2190/492 832/2191/488 829/2192/490
f 837/2190/492 836/2193/493 831/2194/494 832/2191/488
f 838/2195/495 840/2196/496 830/2197/497 828/2198/498
f 836/2199/493 835/2200/499 833/1759/500 831/2201/494
f 835/2202/499 838/2195/495 828/2198/498 833/2203/500
f 845/2204/501 847/2205/502 842/2206/503
f 830/2207/497 834/2208/489 828/2209/498
f 831/2210/494 834/2211/489 832/2212/488
f 833/2213/500 834/2211/489 831/2210/494
f 840/2214/496 839/2215/491 829/2216/490 830/2217/497
f 828/2209/498 834/2208/489 833/2218/500
f 829/2219/490 834/472/489 830/2220/497
f 852/2221/504 850/2222/505 845/2223/501 842/2224/503
f 850/2225/505 849/2226/506 844/2227/507 845/2228/501
f 851/2229/508 853/2230/509 843/2231/510 841/2232/511
f 849/2226/506 848/2233/512 846/2234/513 844/2227/507
f 848/2235/512 851/2236/508 841/2237/511 846/2238/513
f 650/2239/311 652/2240/321 647/2241/312
f 843/2242/510 847/118/502 841/2243/511
f 844/60/507 847/2244/502 845/2245/501
f 846/2246/513 847/2247/502 844/2248/507
f 853/2230/509 852/2249/504 842/2250/503 843/2231/510
f 841/2251/511 847/2252/502 846/2253/513
f 842/2254/503 847/118/502 843/2242/510
